series_model,dealer,category,cars,manager,zone,date,month,state,city,qty_sold,sold_price,car_insurance,state_tax,consumer_family_status,consumer_profession,any_other_brand_preferred,year,month_num,total_revenue,total_cost_per_unit,total_cost,net_revenue,price_tier
PRIMUS,NIKE,LUXURY,ALTO,AJAY,NORTH EAST,2019-01-19,Jan,PB,LUDHIYANA,10,249734,27470.74,7492.02,GIFT,BUSINESS,YES,2019,1,2497340,34962.76,349627.60000000003,2147712.4,Budget
PRIMUS,BULWARD,SUPER,ALTO,AJAY,WEST,2018-03-30,Mar,DL,DWARKA,77,222010,10212.46,816.9968,FAMILY,BUSINESS,NO,2018,3,17094770,11029.4568,849268.1736,16245501.8264,Budget
PRIMUS,NIKE,SUPER,ALTO,AJAY,NORTH,2019-05-11,May,AP,HYDERABAD,34,225400,27048.0,2254.0,SINGLE,BUSINESS,YES,2019,5,7663600,29302.0,996268.0,6667332.0,Budget
PRIMUS,NIKE,EXTRA CLASS,ALTO,AJAY,EAST,2019-06-08,Jun,PB,AMR,33,249734,27470.74,7492.02,SINGLE,BUSINESS,YES,2019,6,8241222,34962.76,1153771.08,7087450.92,Budget
PRIMUS,NIKE,LUXURY,ALTO,AJAY,WEST,2019-07-06,Jul,ASM,HOJAI,22,231802,27816.24,2225.2992,SINGLE,BUSINESS,YES,2019,7,5099644,30041.539200000003,660913.8624000001,4438730.1376,Budget
PRIMUS,BULWARD,SUPER,ALTO,AJAY,WEST,2019-09-16,Sep,DL,DWARKA,5,222010,10212.46,816.9968,SPOUSE,BUSINESS,YES,2019,9,1110050,11029.4568,55147.284,1054902.716,Budget
PRIMUS,BULWARD,LUXURY,ALTO,AJAY,WEST,2019-10-28,Oct,RAJ,AJMER,13,214020,4280.4,85.608,FAMILY,BUSINESS,NO,2019,10,2782260,4366.008,56758.104,2725501.896,Budget
PRIMUS,BULWARD,BASIC,ALTO,AJAY,WEST,2019-11-25,Nov,PB,PATIALA,33,249734,27470.74,7492.02,FAMILY,BUSINESS,NO,2019,11,8241222,34962.76,1153771.08,7087450.92,Budget
PRIMUS,BULWARD,SUPER,ALTO,AJAY,SOUTH,2019-12-09,Dec,KEA,KOLLAM,33,227700,36432.0,2277.0,SINGLE,BUSINESS,YES,2019,12,7514100,38709.0,1277397.0,6236703.0,Budget
PRIMUS,BULWARD,SUPER,ALTO,AJAY,WEST,2019-12-23,Dec,RAJ,JODHPUR,44,214020,4280.4,85.608,FAMILY,BUSINESS,YES,2019,12,9416880,4366.008,192104.35199999998,9224775.648,Budget
PRIMUS,NIKE,LUXURY,SANTRO,AJAY,NORTH EAST,2019-01-19,Jan,PB,LUDHIYANA,10,395352,43488.72,11860.56,GIFT,BUSINESS,YES,2019,1,3953520,55349.28,553492.8,3400027.2,Mid-Range
PRIMUS,MITUSHI,SUPER,SANTRO,AJAY,WEST,2019-05-09,May,KEA,KOCHI,33,317700,50832.0,3177.0,SPOUSE,BUSINESS,YES,2019,5,10484100,54009.0,1782297.0,8701803.0,Mid-Range
PRIMUS,AUTOCAT,EXTRA CLASS,SANTRO,AJAY,SOUTH,2019-07-18,Jul,DL,DWARKA,5,312010,14352.46,1148.1968,FAMILY,BUSINESS,NO,2019,7,1560050,15500.656799999999,77503.284,1482546.716,Mid-Range
PRIMUS,AUTOCAT,EXTRA CLASS,SANTRO,AJAY,WEST,2019-08-29,Aug,HR,SONIPAT,32,337290,39125.64,1956.282,SINGLE,BUSINESS,YES,2019,8,10793280,41081.922,1314621.504,9478658.496,Mid-Range
PRIMUS,AUTOCAT,SUPER,SANTRO,AJAY,NORTH,2019-09-12,Sep,PB,LUD,23,395352,43488.72,11860.56,SINGLE,BUSINESS,YES,2019,9,9093096,55349.28,1273033.44,7820062.5600000005,Mid-Range
PRIMUS,AUTOCAT,SUPER,SANTRO,AJAY,WEST,2019-10-24,Oct,HR,KAITHAL,54,337290,39125.64,1956.282,SINGLE,BUSINESS,NO,2019,10,18213660,41081.922,2218423.7879999997,15995236.212000001,Mid-Range
PRIMUS,MITUSHI,SUPER,BEAT,AJAY,SOUTH EAST,2019-01-08,Jan,PB,LUDHIYANA,10,422047,46425.17,12661.41,SINGLE,BUSINESS,YES,2019,1,4220470,59086.58,590865.8,3629604.2,Premium
PRIMUS,MITUSHI,BASIC,BEAT,AJAY,EAST,2019-01-22,Jan,CHD,SECTOR 29,10,442377,30966.39,8847.54,FAMILY,BUSINESS,YES,2019,1,4423770,39813.93,398139.3,4025630.7,Premium
PRIMUS,MITUSHI,BASIC,BEAT,AJAY,WEST,2019-02-26,Feb,PB,AMR,25,422047,46425.17,12661.41,FAMILY,BUSINESS,YES,2019,2,10551175,59086.58,1477164.5,9074010.5,Premium
PRIMUS,MITUSHI,LUXURY,BEAT,AJAY,SOUTH,2019-05-31,May,RAJ,BIKANER,3,334020,6680.4,133.608,FAMILY,BUSINESS,NO,2019,5,1002060,6814.008,20442.023999999998,981617.976,Mid-Range
PRIMUS,MITUSHI,EXTRA CLASS,BEAT,AJAY,NORTH,2019-11-30,Nov,RAJ,JODHPUR,1,334020,6680.4,133.608,FAMILY,BUSINESS,NO,2019,11,334020,6814.008,6814.008,327205.992,Mid-Range
PRIMUS,NIKE,SUPER,US18,AJAY,NORTH,2019-01-19,Jan,HR,KARNAL,10,858644,99602.704,4980.1352,SPOUSE,BUSINESS,YES,2019,1,8586440,104582.8392,1045828.392,7540611.608,Premium
PRIMUS,NIKE,SUPER,US18,AJAY,WEST,2019-03-23,Mar,RAJ,JAIPUR,13,784020,15680.4,313.608,FAMILY,BUSINESS,NO,2019,3,10192260,15994.008,207922.104,9984337.896,Premium
PRIMUS,AUTOCAT,LUXURY,US18,AJAY,NORTH,2019-05-01,May,KTK,BIDAR,1,800000,56000.0,16000.0,FAMILY,BUSINESS,NO,2019,5,800000,72000.0,72000.0,728000.0,Premium
PRIMUS,NIKE,LUXURY,US18,AJAY,WEST,2019-08-04,Aug,CHD,SECTOR 29,6,812117,56848.19,16242.34,FAMILY,BUSINESS,YES,2019,8,4872702,73090.53,438543.18,4434158.82,Premium
PRIMUS,NIKE,BASIC,US18,AJAY,EAST,2019-10-13,Oct,HR,SONIPAT,4,858644,99602.704,4980.1352,SINGLE,BUSINESS,YES,2019,10,3434576,104582.8392,418331.3568,3016244.6432,Premium
PRIMUS,AUTOCAT,SUPER,PUNTO,AJAY,NORTH,2019-01-31,Jan,AP,AMARVATI,0,345400,41448.0,3454.0,GIFT,BUSINESS,YES,2019,1,0,44902.0,0.0,0.0,Mid-Range
PRIMUS,AUTOCAT,LUXURY,PUNTO,AJAY,NORTH,2019-08-11,Aug,CHD,SECTOR 4,2,425668,29796.76,8513.36,FAMILY,BUSINESS,YES,2019,8,851336,38310.119999999995,76620.23999999999,774715.76,Premium
PRIMUS,AUTOCAT,LUXURY,PUNTO,AJAY,SOUTH,2019-11-03,Nov,HR,SONIPAT,2,397405,46098.98,2304.949,FAMILY,BUSINESS,YES,2019,11,794810,48403.929000000004,96807.85800000001,698002.142,Mid-Range
PRIMUS,AUTOCAT,SUPER,MARUTI 800,AJAY,EAST,2019-03-17,Mar,KTK,BIDAR,13,220000,15400.0,4400.0,SINGLE,BUSINESS,YES,2019,3,2860000,19800.0,257400.0,2602600.0,Budget
PRIMUS,AUTOCAT,LUXURY,MARUTI 800,AJAY,WEST,2019-05-10,May,KTK,UDUPAI,4,220000,15400.0,4400.0,FAMILY,BUSINESS,YES,2019,5,880000,19800.0,79200.0,800800.0,Budget
PRIMUS,AUTOCAT,LUXURY,MARUTI 800,AJAY,NORTH,2019-05-31,May,AP,HYDERABAD,2,215400,25848.0,2154.0,FAMILY,BUSINESS,YES,2019,5,430800,28002.0,56004.0,374796.0,Budget
PRIMUS,AUTOCAT,LUXURY,MARUTI 800,AJAY,NORTH,2019-12-12,Dec,DL,BADALPUR,2,212010,9752.46,780.1968,SPOUSE,BUSINESS,YES,2019,12,424020,10532.656799999999,21065.313599999998,402954.6864,Budget
PRIMUS,AUTOCAT,LUXURY,BEATLE,AJAY,WEST,2019-03-02,Mar,HR,KAITHAL,33,296080,34345.28,1717.264,GIFT,BUSINESS,YES,2019,3,9770640,36062.544,1190063.952,8580576.048,Mid-Range
PRIMUS,AUTOCAT,LUXURY,BEATLE,AJAY,EAST,2019-04-27,Apr,KTK,BIDAR,2,230000,16100.0,4600.0,GIFT,BUSINESS,YES,2019,4,460000,20700.0,41400.0,418600.0,Budget
PRIMUS,NIKE,SUPER,BEATLE,AJAY,WEST,2019-07-08,Jul,KTK,BIDAR,2,230000,16100.0,4600.0,SINGLE,BUSINESS,NO,2019,7,460000,20700.0,41400.0,418600.0,Budget
PRIMUS,NIKE,LUXURY,BEATLE,AJAY,NORTH,2019-10-28,Oct,KEA,KOVALAM,10,227700,36432.0,2277.0,FAMILY,BUSINESS,YES,2019,10,2277000,38709.0,387090.0,1889910.0,Budget
PRIMUS,NIKE,LUXURY,BEATLE,AJAY,WEST,2019-11-25,Nov,HR,KAITHAL,17,296080,34345.28,1717.264,SINGLE,BUSINESS,NO,2019,11,5033360,36062.544,613063.248,4420296.752,Mid-Range
PRIMUS,NIKE,LUXURY,BEATLE,AJAY,SOUTH,2019-12-23,Dec,PB,PATIALA,12,249734,27470.74,7492.02,FAMILY,BUSINESS,YES,2019,12,2996808,34962.76,419553.12,2577254.88,Budget
PRIMUS,BULWARD,SUPER,HAWK,AJAY,NORTH,2019-05-05,May,KTK,UDUPAI,15,230000,16100.0,4600.0,GIFT,BUSINESS,YES,2019,5,3450000,20700.0,310500.0,3139500.0,Budget
PRIMUS,AUTOCAT,LUXURY,HAWK,AJAY,SOUTH,2019-06-02,Jun,DL,CP,16,222010,10212.46,816.9968,SINGLE,BUSINESS,YES,2019,6,3552160,11029.4568,176471.3088,3375688.6912000002,Budget
PRIMUS,AUTOCAT,LUXURY,HAWK,AJAY,SOUTH,2019-09-08,Sep,KTK,AJAYPURA,12,230000,16100.0,4600.0,SINGLE,BUSINESS,YES,2019,9,2760000,20700.0,248400.0,2511600.0,Budget
PRIMUS,AUTOCAT,LUXURY,HAWK,AJAY,SOUTH,2019-12-15,Dec,PB,PATIALA,22,249734,27470.74,7492.02,FAMILY,BUSINESS,YES,2019,12,5494148,34962.76,769180.7200000001,4724967.28,Budget
PRIMUS,NIKE,LUXURY,ALTO,AJAY,SOUTH,2019-02-16,Feb,RAJ,JAIPUR,15,214020,4280.4,85.608,GIFT,JOB,YES,2019,2,3210300,4366.008,65490.119999999995,3144809.88,Budget
PRIMUS,NIKE,SUPER,ALTO,AJAY,NORTH,2019-03-16,Mar,PB,PATIALA,45,249734,27470.74,7492.02,SINGLE,JOB,YES,2019,3,11238030,34962.76,1573324.2000000002,9664705.8,Budget
PRIMUS,NIKE,SUPER,ALTO,AJAY,SOUTH,2019-04-13,Apr,CHD,SECTOR 1,44,341014,23870.98,6820.28,SINGLE,JOB,YES,2019,4,15004616,30691.26,1350415.44,13654200.56,Mid-Range
PRIMUS,BULWARD,SUPER,ALTO,AJAY,WEST,2019-05-25,May,RAJ,JAIPUR,17,214020,4280.4,85.608,FAMILY,JOB,NO,2019,5,3638340,4366.008,74222.136,3564117.864,Budget
PRIMUS,NIKE,BASIC,ALTO,AJAY,EAST,2019-08-03,Aug,KTK,BGLORE,54,230000,16100.0,4600.0,SINGLE,JOB,YES,2019,8,12420000,20700.0,1117800.0,11302200.0,Budget
PRIMUS,MITUSHI,SUPER,ALTO,AJAY,WEST,2019-09-08,Sep,KTK,BGLORE,4,230000,16100.0,4600.0,GIFT,JOB,YES,2019,9,920000,20700.0,82800.0,837200.0,Budget
PRIMUS,NIKE,LUXURY,ALTO,AJAY,NORTH,2019-09-30,Sep,CHD,SECTOR 4,9,341014,23870.98,6820.28,FAMILY,JOB,YES,2019,9,3069126,30691.26,276221.33999999997,2792904.66,Mid-Range
PRIMUS,NIKE,LUXURY,ALTO,AJAY,EAST,2019-10-14,Oct,ASM,DHUBRI,44,231802,27816.24,2225.2992,SPOUSE,JOB,YES,2019,10,10199288,30041.539200000003,1321827.7248000002,8877460.2752,Budget
PRIMUS,BULWARD,LUXURY,ALTO,AJAY,NORTH,2019-11-11,Nov,PB,PATIALA,54,249734,27470.74,7492.02,SINGLE,JOB,YES,2019,11,13485636,34962.76,1887989.04,11597646.96,Budget
PRIMUS,NIKE,SUPER,SANTRO,AJAY,SOUTH,2019-02-16,Feb,RAJ,JAIPUR,32,304020,6080.4,121.608,GIFT,JOB,YES,2019,2,9728640,6202.008,198464.256,9530175.744,Mid-Range
PRIMUS,AUTOCAT,SUPER,SANTRO,AJAY,SOUTH,2019-04-25,Apr,AP,TIRUPATI,66,315400,37848.0,3154.0,FAMILY,JOB,NO,2019,4,20816400,41002.0,2706132.0,18110268.0,Mid-Range
PRIMUS,NIKE,BASIC,SANTRO,AJAY,SOUTH,2019-06-20,Jun,KTK,AJAYPURA,22,320000,22400.0,6400.0,FAMILY,JOB,NO,2019,6,7040000,28800.0,633600.0,6406400.0,Mid-Range
PRIMUS,BULWARD,EXTRA CLASS,SANTRO,AJAY,WEST,2019-07-04,Jul,AP,VIZAG,55,315400,37848.0,3154.0,SPOUSE,JOB,YES,2019,7,17347000,41002.0,2255110.0,15091890.0,Mid-Range
PRIMUS,AUTOCAT,SUPER,SANTRO,AJAY,SOUTH,2019-10-10,Oct,KEA,VARKALA,23,317700,50832.0,3177.0,SINGLE,JOB,YES,2019,10,7307100,54009.0,1242207.0,6064893.0,Mid-Range
PRIMUS,MITUSHI,BASIC,BEAT,AJAY,WEST,2019-02-05,Feb,RAJ,JODHPUR,24,334020,6680.4,133.608,GIFT,JOB,YES,2019,2,8016480,6814.008,163536.19199999998,7852943.808,Mid-Range
PRIMUS,MITUSHI,EXTRA CLASS,BEAT,AJAY,WEST,2019-06-07,Jun,PB,PATIALA,3,422047,46425.17,12661.41,SINGLE,JOB,YES,2019,6,1266141,59086.58,177259.74,1088881.26,Premium
PRIMUS,NIKE,SUPER,US18,AJAY,SOUTH,2019-03-02,Mar,KTK,BGLORE,14,800000,56000.0,16000.0,FAMILY,JOB,YES,2019,3,11200000,72000.0,1008000.0,10192000.0,Premium
PRIMUS,BULWARD,BASIC,US18,AJAY,SOUTH,2019-04-13,Apr,PB,LUD,5,810553,89160.83,24316.59,FAMILY,JOB,YES,2019,4,4052765,113477.42,567387.1,3485377.9,Premium
PRIMUS,AUTOCAT,LUXURY,US18,AJAY,NORTH,2019-09-08,Sep,KEA,KOCHI,22,797700,127632.0,7977.0,FAMILY,JOB,NO,2019,9,17549400,135609.0,2983398.0,14566002.0,Premium
PRIMUS,NIKE,EXTRA CLASS,US18,AJAY,WEST,2019-12-22,Dec,KTK,AJAYPURA,22,800000,56000.0,16000.0,SINGLE,JOB,YES,2019,12,17600000,72000.0,1584000.0,16016000.0,Premium
PRIMUS,NIKE,SUPER,PUNTO,AJAY,EAST,2019-03-14,Mar,DL,DWARKA,4,342010,15732.46,1258.5968,FAMILY,JOB,YES,2019,3,1368040,16991.0568,67964.2272,1300075.7728,Mid-Range
PRIMUS,AUTOCAT,LUXURY,MARUTI 800,AJAY,NORTH,2019-01-13,Jan,PB,AMR,3,316877,34856.47,9506.31,GIFT,JOB,NO,2019,1,950631,44362.78,133088.34,817542.66,Mid-Range
PRIMUS,AUTOCAT,LUXURY,MARUTI 800,AJAY,NORTH,2019-02-24,Feb,HR,KAITHAL,13,348158,40386.328,2019.3164,SINGLE,JOB,NO,2019,2,4526054,42405.644400000005,551273.3772000001,3974780.6228,Mid-Range
PRIMUS,AUTOCAT,SUPER,MARUTI 800,AJAY,SOUTH,2019-04-07,Apr,AP,AMARVATI,8,215400,25848.0,2154.0,SINGLE,JOB,YES,2019,4,1723200,28002.0,224016.0,1499184.0,Budget
PRIMUS,AUTOCAT,LUXURY,MARUTI 800,AJAY,SOUTH,2019-04-19,Apr,CHD,SECTOR 4,2,255519,17886.33,5110.38,SINGLE,JOB,NO,2019,4,511038,22996.710000000003,45993.420000000006,465044.58,Mid-Range
PRIMUS,AUTOCAT,LUXURY,BEATLE,AJAY,SOUTH,2019-02-02,Feb,KEA,KOLLAM,5,227700,36432.0,2277.0,SINGLE,JOB,YES,2019,2,1138500,38709.0,193545.0,944955.0,Budget
PRIMUS,AUTOCAT,BASIC,BEATLE,AJAY,WEST,2019-06-22,Jun,DL,DWARKA,2,222010,10212.46,816.9968,SINGLE,JOB,NO,2019,6,444020,11029.4568,22058.9136,421961.08640000003,Budget
PRIMUS,NIKE,SUPER,BEATLE,AJAY,NORTH,2019-08-05,Aug,AP,HYDERABAD,22,225400,27048.0,2254.0,SINGLE,JOB,NO,2019,8,4958800,29302.0,644644.0,4314156.0,Budget
PRIMUS,NIKE,SUPER,BEATLE,AJAY,WEST,2019-09-30,Sep,CHD,SECTOR 29,19,341014,23870.98,6820.28,SINGLE,JOB,YES,2019,9,6479266,30691.26,583133.94,5896132.0600000005,Mid-Range
PRIMUS,NIKE,LUXURY,SANTRO,AJAY,NORTH,2019-02-14,Feb,KTK,BIDAR,22,230000,16100.0,4600.0,FAMILY,JOB,YES,2019,2,5060000,20700.0,455400.0,4604600.0,Budget
PRIMUS,NIKE,SUPER,SANTRO,AJAY,NORTH,2019-06-22,Jun,DL,DWARKA,18,222010,10212.46,816.9968,FAMILY,JOB,NO,2019,6,3996180,11029.4568,198530.2224,3797649.7776,Budget
PRIMUS,NIKE,LUXURY,HAWK,AJAY,WEST,2019-02-05,Feb,KTK,BGLORE,20,230000,16100.0,4600.0,SINGLE,JOB,YES,2019,2,4600000,20700.0,414000.0,4186000.0,Budget
PRIMUS,BULWARD,SUPER,HAWK,AJAY,WEST,2019-04-16,Apr,HR,PANIPAT,18,296080,34345.28,1717.264,SINGLE,JOB,YES,2019,4,5329440,36062.544,649125.792,4680314.208,Mid-Range
PRIMUS,BULWARD,BASIC,ALTO,AJAY,SOUTH,2019-07-20,Jul,RAJ,JAIPUR,4,214020,4280.4,85.608,FAMILY,STUDENT,YES,2019,7,856080,4366.008,17464.032,838615.968,Budget
PRIMUS,AUTOCAT,SUPER,ALTO,AJAY,SOUTH,2019-08-25,Aug,CHD,SECTOR 4,55,341014,23870.98,6820.28,SINGLE,STUDENT,YES,2019,8,18755770,30691.26,1688019.2999999998,17067750.7,Mid-Range
PRIMUS,MITUSHI,BASIC,BEAT,AJAY,SOUTH,2019-01-29,Jan,ASM,DIPHU,54,351676,42201.12,3376.0896,SINGLE,STUDENT,YES,2019,1,18990504,45577.2096,2461169.3184,16529334.6816,Mid-Range
PRIMUS,MITUSHI,LUXURY,BEAT,AJAY,NORTH,2019-05-30,May,RAJ,AJMER,32,334020,6680.4,133.608,SINGLE,STUDENT,NO,2019,5,10688640,6814.008,218048.256,10470591.744,Mid-Range
PRIMUS,NIKE,SUPER,US18,AJAY,EAST,2019-02-09,Feb,PB,LUD,0,810553,89160.83,24316.59,FAMILY,STUDENT,NO,2019,2,0,113477.42,0.0,0.0,Premium
PRIMUS,NIKE,LUXURY,US18,AJAY,EAST,2019-05-26,May,AP,VIZAG,7,795400,95448.0,7954.0,FAMILY,STUDENT,YES,2019,5,5567800,103402.0,723814.0,4843986.0,Premium
PRIMUS,AUTOCAT,LUXURY,PUNTO,AJAY,SOUTH,2019-05-19,May,AP,VIZAG,2,345400,41448.0,3454.0,SINGLE,STUDENT,YES,2019,5,690800,44902.0,89804.0,600996.0,Mid-Range
PRIMUS,NIKE,LUXURY,PUNTO,AJAY,WEST,2019-12-15,Dec,PB,LUD,3,446565,49122.15,13396.95,SINGLE,STUDENT,YES,2019,12,1339695,62519.100000000006,187557.30000000002,1152137.7,Premium
PRIMUS,AUTOCAT,LUXURY,BEATLE,AJAY,EAST,2019-01-05,Jan,CHD,SECTOR 4,3,341014,23870.98,6820.28,FAMILY,STUDENT,YES,2019,1,1023042,30691.26,92073.78,930968.22,Mid-Range
PRIMUS,AUTOCAT,BASIC,BEATLE,AJAY,SOUTH,2019-05-25,May,AP,HYDERABAD,2,225400,27048.0,2254.0,SINGLE,STUDENT,NO,2019,5,450800,29302.0,58604.0,392196.0,Budget
PRIMUS,NIKE,LUXURY,SANTRO,AJAY,WEST,2019-01-17,Jan,RAJ,BIKANER,15,214020,4280.4,85.608,SINGLE,STUDENT,NO,2019,1,3210300,4366.008,65490.119999999995,3144809.88,Budget
PRIMUS,AUTOCAT,SUPER,SANTRO,AJAY,EAST,2019-11-07,Nov,KTK,BIDAR,42,320000,22400.0,6400.0,SINGLE,SELF EMPLOYEED,YES,2019,11,13440000,28800.0,1209600.0,12230400.0,Mid-Range
PRIMUS,MITUSHI,BASIC,BEAT,AJAY,EAST,2019-02-19,Feb,CHD,SECTOR 29,25,442377,30966.39,8847.54,SINGLE,SELF EMPLOYEED,NO,2019,2,11059425,39813.93,995348.25,10064076.75,Premium
PRIMUS,AUTOCAT,LUXURY,BEATLE,AJAY,NORTH,2019-03-30,Mar,PB,PATIALA,3,249734,27470.74,7492.02,SINGLE,SELF EMPLOYEED,NO,2019,3,749202,34962.76,104888.28,644313.72,Budget
PRIMUS,NIKE,SUPER,BEATLE,AJAY,EAST,2019-09-02,Sep,DL,BADALPUR,11,222010,10212.46,816.9968,SINGLE,SELF EMPLOYEED,NO,2019,9,2442110,11029.4568,121324.0248,2320785.9752,Budget
PRIMUS,NIKE,BASIC,SANTRO,AJAY,SOUTH,2019-04-11,Apr,DL,DWARKA,18,222010,10212.46,816.9968,SPOUSE,SELF EMPLOYEED,YES,2019,4,3996180,11029.4568,198530.2224,3797649.7776,Budget
KLV,BULWARD,LUXURY,ALTO,AJAY,WEST,2019-01-05,Jan,PB,LUDHIYANA,17,249734,27470.74,7492.02,SINGLE,SELF EMPLOYEED,YES,2019,1,4245478,34962.76,594366.92,3651111.08,Budget
KLV,BULWARD,LUXURY,ALTO,AJAY,WEST,2019-02-02,Feb,KEA,KOCHI,15,227700,36432.0,2277.0,SINGLE,STUDENT,YES,2019,2,3415500,38709.0,580635.0,2834865.0,Budget
KLV,BULWARD,LUXURY,ALTO,AJAY,WEST,2019-03-02,Mar,PB,PATIALA,22,249734,27470.74,7492.02,SINGLE,BUSINESS,YES,2019,3,5494148,34962.76,769180.7200000001,4724967.28,Budget
KLV,BULWARD,SUPER,ALTO,AJAY,WEST,2019-04-27,Apr,KTK,AJAYPURA,10,230000,16100.0,4600.0,FAMILY,JOB,YES,2019,4,2300000,20700.0,207000.0,2093000.0,Budget
KLV,BULWARD,EXTRA CLASS,ALTO,AJAY,SOUTH,2019-06-22,Jun,CHD,SECTOR 1,66,341014,23870.98,6820.28,FAMILY,BUSINESS,NO,2019,6,22506924,30691.26,2025623.16,20481300.84,Mid-Range
KLV,AUTOCAT,BASIC,ALTO,AJAY,SOUTH,2019-08-17,Aug,AP,TIRUPATI,12,225400,27048.0,2254.0,FAMILY,BUSINESS,YES,2019,8,2704800,29302.0,351624.0,2353176.0,Budget
KLV,AUTOCAT,BASIC,ALTO,AJAY,WEST,2019-02-02,Feb,KEA,KOCHI,34,317700,50832.0,3177.0,SINGLE,STUDENT,YES,2019,2,10801800,54009.0,1836306.0,8965494.0,Mid-Range
KLV,MITUSHI,BASIC,ALTO,AJAY,WEST,2019-08-01,Aug,CHD,SECTOR 4,33,421813,29526.91,8436.26,SPOUSE,JOB,YES,2019,8,13919829,37963.17,1252784.6099999999,12667044.39,Premium
KLV,AUTOCAT,LUXURY,US18,AJAY,SOUTH,2019-06-30,Jun,DL,DWARKA,2,792010,36432.46,2914.5968,FAMILY,JOB,NO,2019,6,1584020,39347.0568,78694.1136,1505325.8864,Premium
KLV,AUTOCAT,BASIC,US18,AJAY,SOUTH,2019-11-17,Nov,PB,AMR,1,810553,89160.83,24316.59,FAMILY,JOB,YES,2019,11,810553,113477.42,113477.42,697075.58,Premium
KLV,AUTOCAT,SUPER,PUNTO,AJAY,SOUTH,2019-04-25,Apr,HR,SONIPAT,2,397405,46098.98,2304.949,SPOUSE,BUSINESS,YES,2019,4,794810,48403.929000000004,96807.85800000001,698002.142,Mid-Range
KLV,NIKE,LUXURY,PUNTO,AJAY,WEST,2019-06-30,Jun,DL,DWARKA,2,342010,15732.46,1258.5968,SINGLE,JOB,YES,2019,6,684020,16991.0568,33982.1136,650037.8864,Mid-Range
KLV,MITUSHI,EXTRA CLASS,PUNTO,AJAY,EAST,2019-09-22,Sep,KEA,KOVALAM,6,347700,55632.0,3477.0,SINGLE,SELF EMPLOYEED,YES,2019,9,2086200,59109.0,354654.0,1731546.0,Mid-Range
KLV,AUTOCAT,LUXURY,MARUTI 800,AJAY,EAST,2019-02-03,Feb,KEA,VARKALA,4,217700,34832.0,2177.0,SINGLE,BUSINESS,YES,2019,2,870800,37009.0,148036.0,722764.0,Budget
KLV,BULWARD,LUXURY,HAWK,AJAY,WEST,2019-03-12,Mar,HR,KAITHAL,12,296080,34345.28,1717.264,SINGLE,BUSINESS,NO,2019,3,3552960,36062.544,432750.52800000005,3120209.472,Mid-Range
KLV,BULWARD,LUXURY,HAWK,AJAY,WEST,2019-10-27,Oct,AP,VIZAG,17,225400,27048.0,2254.0,FAMILY,BUSINESS,YES,2019,10,3831800,29302.0,498134.0,3333666.0,Budget
ELECTRA,MITUSHI,SUPER,BEAT,AJAY,WEST,2019-01-01,Jan,PB,LUDHIYANA,35,422047,46425.17,12661.41,SINGLE,JOB,NO,2019,1,14771645,59086.58,2068030.3,12703614.7,Premium
TESS,MITUSHI,SUPER,BEAT,AJAY,NORTH,2019-01-15,Jan,KEA,KOCHI,25,347700,55632.0,3477.0,SINGLE,BUSINESS,YES,2019,1,8692500,59109.0,1477725.0,7214775.0,Mid-Range
TESS,MITUSHI,BASIC,BEAT,AJAY,NORTH,2019-02-12,Feb,DL,BADALPUR,25,342010,15732.46,1258.5968,FAMILY,BUSINESS,YES,2019,2,8550250,16991.0568,424776.42,8125473.58,Mid-Range
TESS,MITUSHI,LUXURY,BEAT,AJAY,WEST,2019-06-06,Jun,KEA,KOCHI,55,347700,55632.0,3477.0,GIFT,JOB,YES,2019,6,19123500,59109.0,3250995.0,15872505.0,Mid-Range
TESS,MITUSHI,LUXURY,BEAT,AJAY,WEST,2019-12-07,Dec,DL,DWARKA,11,342010,15732.46,1258.5968,SINGLE,JOB,YES,2019,12,3762110,16991.0568,186901.6248,3575208.3752,Mid-Range
ELECTRA,NIKE,LUXURY,HAWK,AJAY,NORTH,2019-01-01,Jan,PB,LUDHIYANA,17,249734,27470.74,7492.02,FAMILY,BUSINESS,NO,2019,1,4245478,34962.76,594366.92,3651111.08,Budget
TESS,NIKE,LUXURY,HAWK,AJAY,WEST,2019-07-21,Jul,HR,KAITHAL,18,296080,34345.28,1717.264,FAMILY,JOB,NO,2019,7,5329440,36062.544,649125.792,4680314.208,Mid-Range
TESS,AUTOCAT,SUPER,SANTRO,AJAY,NORTH,2019-03-16,Mar,PB,PATIALA,20,395352,43488.72,11860.56,SINGLE,JOB,YES,2019,3,7907040,55349.28,1106985.6,6800054.4,Mid-Range
ELECTRA,AUTOCAT,LUXURY,SANTRO,AJAY,SOUTH,2019-04-13,Apr,CHD,SECTOR 1,22,421813,29526.91,8436.26,SINGLE,JOB,YES,2019,4,9279886,37963.17,835189.74,8444696.26,Premium
TESS,NIKE,LUXURY,SANTRO,AJAY,SOUTH,2019-08-17,Aug,KEA,VARKALA,17,227700,36432.0,2277.0,FAMILY,JOB,NO,2019,8,3870900,38709.0,658053.0,3212847.0,Budget
KLV,BULWARD,SUPER,SANTRO,AJAY,WEST,2019-01-05,Jan,PB,LUDHIYANA,24,395352,43488.72,11860.56,SINGLE,SELF EMPLOYEED,YES,2019,1,9488448,55349.28,1328382.72,8160065.28,Mid-Range
KLV,BULWARD,SUPER,SANTRO,AJAY,WEST,2019-03-02,Mar,PB,PATIALA,24,395352,43488.72,11860.56,SINGLE,BUSINESS,YES,2019,3,9488448,55349.28,1328382.72,8160065.28,Mid-Range
KLV,NIKE,SUPER,SANTRO,AJAY,EAST,2019-03-30,Mar,DL,DWARKA,6,312010,14352.46,1148.1968,FAMILY,BUSINESS,NO,2019,3,1872060,15500.656799999999,93003.9408,1779056.0592,Mid-Range
KLV,NIKE,SUPER,SANTRO,AJAY,SOUTH,2019-05-23,May,DL,CP,54,312010,14352.46,1148.1968,FAMILY,JOB,NO,2019,5,16848540,15500.656799999999,837035.4672,16011504.5328,Mid-Range
KLV,BULWARD,SUPER,SANTRO,AJAY,WEST,2019-06-06,Jun,CHD,SECTOR 29,23,421813,29526.91,8436.26,SINGLE,BUSINESS,YES,2019,6,9701699,37963.17,873152.9099999999,8828546.09,Premium
KLV,AUTOCAT,EXTRA CLASS,SANTRO,AJAY,NORTH,2019-08-15,Aug,KEA,KOVALAM,25,317700,50832.0,3177.0,FAMILY,BUSINESS,YES,2019,8,7942500,54009.0,1350225.0,6592275.0,Mid-Range
KLV,AUTOCAT,SUPER,SANTRO,AJAY,WEST,2019-09-26,Sep,PB,AMR,7,395352,43488.72,11860.56,SINGLE,STUDENT,YES,2019,9,2767464,55349.28,387444.95999999996,2380019.04,Mid-Range
KLV,AUTOCAT,LUXURY,SANTRO,AJAY,SOUTH,2019-11-21,Nov,AP,AMARVATI,22,315400,37848.0,3154.0,FAMILY,BUSINESS,NO,2019,11,6938800,41002.0,902044.0,6036756.0,Mid-Range
KLV,MITUSHI,SUPER,SANTRO,AJAY,SOUTH,2019-12-03,Dec,HR,KAITHAL,24,337290,39125.64,1956.282,SINGLE,STUDENT,YES,2019,12,8094960,41081.922,985966.128,7108993.8719999995,Mid-Range
KLV,NIKE,BASIC,SANTRO,AJAY,WEST,2019-03-14,Mar,AP,HYDERABAD,14,225400,27048.0,2254.0,FAMILY,BUSINESS,NO,2019,3,3155600,29302.0,410228.0,2745372.0,Budget
KLV,NIKE,SUPER,SANTRO,AJAY,SOUTH,2019-04-27,Apr,KTK,UDUPAI,18,230000,16100.0,4600.0,SINGLE,JOB,NO,2019,4,4140000,20700.0,372600.0,3767400.0,Budget
KLV,NIKE,SUPER,SANTRO,AJAY,WEST,2019-05-25,May,AP,TENALI,10,345400,41448.0,3454.0,GIFT,BUSINESS,YES,2019,5,3454000,44902.0,449020.0,3004980.0,Mid-Range
KLV,NIKE,SUPER,SANTRO,AJAY,WEST,2019-07-20,Jul,CHD,SECTOR 29,11,341014,23870.98,6820.28,SPOUSE,BUSINESS,YES,2019,7,3751154,30691.26,337603.86,3413550.14,Mid-Range
KLV,NIKE,LUXURY,SANTRO,AJAY,WEST,2019-09-14,Sep,HR,KARNAL,11,427389,49577.124,2478.8562,SPOUSE,JOB,YES,2019,9,4701279,52055.980200000005,572615.7822,4128663.2177999998,Premium
PRIMUS,MITUSHI,BASIC,ALTO,ISHAL WALIA,SOUTH,2019-03-04,Mar,HR,PANIPAT,1,296080,34345.28,1717.264,SINGLE,BUSINESS,NO,2019,3,296080,36062.544,36062.544,260017.456,Mid-Range
PRIMUS,MITUSHI,LUXURY,ALTO,ISHAL WALIA,SOUTH,2019-04-01,Apr,RAJ,BIKANER,13,214020,4280.4,85.608,FAMILY,BUSINESS,NO,2019,4,2782260,4366.008,56758.104,2725501.896,Budget
PRIMUS,AUTOCAT,LUXURY,ALTO,ISHAL WALIA,WEST,2019-04-15,Apr,PB,AMR,9,249734,27470.74,7492.02,SINGLE,BUSINESS,YES,2019,4,2247606,34962.76,314664.84,1932941.16,Budget
PRIMUS,MITUSHI,LUXURY,ALTO,ISHAL WALIA,SOUTH,2018-04-29,Apr,CHD,SECTOR 29,10,341014,23870.98,6820.28,FAMILY,BUSINESS,YES,2018,4,3410140,30691.26,306912.6,3103227.4,Mid-Range
PRIMUS,AUTOCAT,BASIC,ALTO,ISHAL WALIA,NORTH,2019-06-10,Jun,HR,SONIPAT,12,296080,34345.28,1717.264,SINGLE,BUSINESS,YES,2019,6,3552960,36062.544,432750.52800000005,3120209.472,Mid-Range
PRIMUS,AUTOCAT,EXTRA CLASS,ALTO,ISHAL WALIA,SOUTH,2019-07-08,Jul,PB,AMR,0,249734,27470.74,7492.02,SINGLE,BUSINESS,YES,2019,7,0,34962.76,0.0,0.0,Budget
PRIMUS,NIKE,SUPER,ALTO,ISHAL WALIA,EAST,2019-08-19,Aug,ASM,GUWATI,14,231802,27816.24,2225.2992,FAMILY,BUSINESS,YES,2019,8,3245228,30041.539200000003,420581.54880000005,2824646.4512,Budget
PRIMUS,MITUSHI,LUXURY,ALTO,ISHAL WALIA,SOUTH,2019-09-18,Sep,RAJ,JAIPUR,8,214020,4280.4,85.608,SINGLE,BUSINESS,YES,2019,9,1712160,4366.008,34928.064,1677231.936,Budget
PRIMUS,AUTOCAT,BASIC,ALTO,ISHAL WALIA,WEST,2019-10-02,Oct,PB,PATIALA,6,249734,27470.74,7492.02,FAMILY,BUSINESS,YES,2019,10,1498404,34962.76,209776.56,1288627.44,Budget
PRIMUS,MITUSHI,SUPER,ALTO,ISHAL WALIA,SOUTH,2019-11-27,Nov,KTK,UDUPAI,7,230000,16100.0,4600.0,FAMILY,BUSINESS,YES,2019,11,1610000,20700.0,144900.0,1465100.0,Budget
PRIMUS,MITUSHI,LUXURY,ALTO,ISHAL WALIA,SOUTH,2019-12-25,Dec,KEA,VARKALA,13,227700,36432.0,2277.0,FAMILY,BUSINESS,YES,2019,12,2960100,38709.0,503217.0,2456883.0,Budget
PRIMUS,MITUSHI,LUXURY,SANTRO,ISHAL WALIA,SOUTH,2019-03-04,Mar,HR,PANIPAT,1,337290,39125.64,1956.282,SINGLE,BUSINESS,NO,2019,3,337290,41081.922,41081.922,296208.078,Mid-Range
PRIMUS,NIKE,BASIC,SANTRO,ISHAL WALIA,EAST,2019-04-15,Apr,PB,AMR,9,395352,43488.72,11860.56,SINGLE,BUSINESS,YES,2019,4,3558168,55349.28,498143.52,3060024.48,Mid-Range
PRIMUS,BULWARD,BASIC,SANTRO,ISHAL WALIA,WEST,2019-06-22,Jun,CHD,SECTOR 1,12,421813,29526.91,8436.26,FAMILY,BUSINESS,NO,2019,6,5061756,37963.17,455558.04,4606197.96,Premium
PRIMUS,MITUSHI,BASIC,SANTRO,ISHAL WALIA,SOUTH,2019-07-06,Jul,ASM,HOJAI,4,321134,38536.08,3082.8864,SINGLE,BUSINESS,YES,2019,7,1284536,41618.966400000005,166475.86560000002,1118060.1343999999,Mid-Range
PRIMUS,NIKE,LUXURY,SANTRO,ISHAL WALIA,SOUTH,2019-10-26,Oct,DL,DWARKA,7,312010,14352.46,1148.1968,FAMILY,BUSINESS,NO,2019,10,2184070,15500.656799999999,108504.5976,2075565.4024,Mid-Range
PRIMUS,AUTOCAT,LUXURY,BEAT,ISHAL WALIA,SOUTH EAST,2019-01-09,Jan,KTK,UDUPAI,10,350000,24500.0,7000.0,GIFT,BUSINESS,YES,2019,1,3500000,31500.0,315000.0,3185000.0,Mid-Range
PRIMUS,AUTOCAT,SUPER,BEAT,ISHAL WALIA,NORTH,2019-01-23,Jan,PB,PATIALA,10,422047,46425.17,12661.41,GIFT,BUSINESS,YES,2019,1,4220470,59086.58,590865.8,3629604.2,Premium
PRIMUS,AUTOCAT,SUPER,BEAT,ISHAL WALIA,SOUTH,2019-02-27,Feb,HR,AMBALA,1,427389,49577.124,2478.8562,GIFT,BUSINESS,YES,2019,2,427389,52055.980200000005,52055.980200000005,375333.0198,Premium
PRIMUS,AUTOCAT,LUXURY,BEAT,ISHAL WALIA,EAST,2019-11-17,Nov,KEA,KOVALAM,3,347700,55632.0,3477.0,GIFT,BUSINESS,NO,2019,11,1043100,59109.0,177327.0,865773.0,Mid-Range
PRIMUS,AUTOCAT,BASIC,BEAT,ISHAL WALIA,WEST,2019-12-01,Dec,KTK,UDUPAI,0,350000,24500.0,7000.0,GIFT,BUSINESS,YES,2019,12,0,31500.0,0.0,0.0,Mid-Range
PRIMUS,BULWARD,LUXURY,US18,ISHAL WALIA,WEST,2019-01-22,Jan,DL,DWARKA,2,792010,36432.46,2914.5968,SPOUSE,BUSINESS,YES,2019,1,1584020,39347.0568,78694.1136,1505325.8864,Premium
PRIMUS,BULWARD,LUXURY,US18,ISHAL WALIA,SOUTH,2019-03-26,Mar,KEA,KOCHI,9,797700,127632.0,7977.0,FAMILY,BUSINESS,NO,2019,3,7179300,135609.0,1220481.0,5958819.0,Premium
PRIMUS,NIKE,BASIC,US18,ISHAL WALIA,WEST,2019-05-04,May,CHD,SECTOR 5,9,812117,56848.19,16242.34,FAMILY,BUSINESS,NO,2019,5,7309053,73090.53,657814.77,6651238.23,Premium
PRIMUS,BULWARD,BASIC,US18,ISHAL WALIA,SOUTH,2019-08-09,Aug,KTK,AJAYPURA,2,800000,56000.0,16000.0,FAMILY,BUSINESS,YES,2019,8,1600000,72000.0,144000.0,1456000.0,Premium
PRIMUS,BULWARD,SUPER,US18,ISHAL WALIA,NORTH,2019-10-18,Oct,DL,CP,0,792010,36432.46,2914.5968,SINGLE,BUSINESS,YES,2019,10,0,39347.0568,0.0,0.0,Premium
PRIMUS,NIKE,SUPER,US18,ISHAL WALIA,WEST,2019-11-22,Nov,HR,SONIPAT,1,858644,99602.704,4980.1352,GIFT,BUSINESS,YES,2019,11,858644,104582.8392,104582.8392,754061.1608,Premium
PRIMUS,NIKE,BASIC,PUNTO,ISHAL WALIA,WEST,2019-08-17,Aug,KTK,BGLORE,2,350000,24500.0,7000.0,FAMILY,BUSINESS,YES,2019,8,700000,31500.0,63000.0,637000.0,Mid-Range
PRIMUS,NIKE,BASIC,PUNTO,ISHAL WALIA,WEST,2019-11-09,Nov,DL,DWARKA,3,342010,15732.46,1258.5968,GIFT,BUSINESS,NO,2019,11,1026030,16991.0568,50973.170399999995,975056.8296,Mid-Range
PRIMUS,AUTOCAT,BASIC,MARUTI 800,ISHAL WALIA,NORTH,2019-02-06,Feb,AP,AMARVATI,7,215400,25848.0,2154.0,FAMILY,BUSINESS,YES,2019,2,1507800,28002.0,196014.0,1311786.0,Budget
PRIMUS,NIKE,LUXURY,MARUTI 800,ISHAL WALIA,NORTH,2019-03-20,Mar,CHD,SECTOR 5,33,255519,17886.33,5110.38,FAMILY,BUSINESS,YES,2019,3,8432127,22996.710000000003,758891.43,7673235.57,Mid-Range
PRIMUS,NIKE,LUXURY,MARUTI 800,ISHAL WALIA,WEST,2019-04-10,Apr,ASM,GUWATI,14,221237,26548.44,2123.8752,SPOUSE,BUSINESS,NO,2019,4,3097318,28672.315199999997,401412.41279999993,2695905.5872,Budget
PRIMUS,NIKE,EXTRA CLASS,MARUTI 800,ISHAL WALIA,SOUTH,2019-05-13,May,CHD,SECTOR 4,14,255519,17886.33,5110.38,SINGLE,BUSINESS,YES,2019,5,3577266,22996.710000000003,321953.94000000006,3255312.06,Mid-Range
PRIMUS,NIKE,EXTRA CLASS,MARUTI 800,ISHAL WALIA,WEST,2019-12-16,Dec,RAJ,AJMER,4,204020,4080.4,81.608,SINGLE,BUSINESS,YES,2019,12,816080,4162.008,16648.032,799431.968,Budget
PRIMUS,NIKE,BASIC,BEATLE,ISHAL WALIA,SOUTH,2019-03-06,Mar,DL,DWARKA,11,222010,10212.46,816.9968,GIFT,BUSINESS,YES,2019,3,2442110,11029.4568,121324.0248,2320785.9752,Budget
PRIMUS,NIKE,BASIC,BEATLE,ISHAL WALIA,NORTH,2019-05-01,May,CHD,SECTOR 5,2,341014,23870.98,6820.28,GIFT,BUSINESS,YES,2019,5,682028,30691.26,61382.52,620645.48,Mid-Range
PRIMUS,BULWARD,LUXURY,BEATLE,ISHAL WALIA,SOUTH,2019-07-12,Jul,CHD,SECTOR 5,2,341014,23870.98,6820.28,FAMILY,BUSINESS,NO,2019,7,682028,30691.26,61382.52,620645.48,Mid-Range
PRIMUS,BULWARD,LUXURY,BEATLE,ISHAL WALIA,WEST,2019-08-09,Aug,ASM,HOJAI,11,231802,27816.24,2225.2992,SPOUSE,BUSINESS,NO,2019,8,2549822,30041.539200000003,330456.93120000005,2219365.0688,Budget
PRIMUS,BULWARD,BASIC,BEATLE,ISHAL WALIA,WEST,2019-11-01,Nov,AP,TIRUPATI,16,225400,27048.0,2254.0,FAMILY,BUSINESS,YES,2019,11,3606400,29302.0,468832.0,3137568.0,Budget
PRIMUS,BULWARD,LUXURY,SANTRO,ISHAL WALIA,SOUTH,2019-07-24,Jul,KTK,BIDAR,11,230000,16100.0,4600.0,SPOUSE,BUSINESS,YES,2019,7,2530000,20700.0,227700.0,2302300.0,Budget
PRIMUS,AUTOCAT,LUXURY,HAWK,ISHAL WALIA,WEST,2019-05-12,May,CHD,SECTOR 4,10,341014,23870.98,6820.28,SINGLE,BUSINESS,YES,2019,5,3410140,30691.26,306912.6,3103227.4,Mid-Range
PRIMUS,AUTOCAT,EXTRA CLASS,HAWK,ISHAL WALIA,EAST,2019-09-15,Sep,CHD,SECTOR 29,13,341014,23870.98,6820.28,SINGLE,BUSINESS,YES,2019,9,4433182,30691.26,398986.38,4034195.62,Mid-Range
PRIMUS,MITUSHI,BASIC,ALTO,ISHAL WALIA,SOUTH,2019-01-07,Jan,HR,PANIPAT,10,296080,34345.28,1717.264,SINGLE,JOB,YES,2019,1,2960800,36062.544,360625.44,2600174.56,Mid-Range
PRIMUS,AUTOCAT,BASIC,ALTO,ISHAL WALIA,WEST,2019-02-18,Feb,KEA,KOCHI,18,227700,36432.0,2277.0,GIFT,JOB,YES,2019,2,4098600,38709.0,696762.0,3401838.0,Budget
PRIMUS,AUTOCAT,LUXURY,ALTO,ISHAL WALIA,WEST,2019-03-18,Mar,KTK,AJAYPURA,15,230000,16100.0,4600.0,SINGLE,JOB,YES,2019,3,3450000,20700.0,310500.0,3139500.0,Budget
PRIMUS,MITUSHI,LUXURY,ALTO,ISHAL WALIA,SOUTH,2019-05-27,May,KEA,KOLLAM,12,227700,36432.0,2277.0,FAMILY,JOB,NO,2019,5,2732400,38709.0,464508.0,2267892.0,Budget
PRIMUS,AUTOCAT,SUPER,ALTO,ISHAL WALIA,NORTH,2019-08-05,Aug,CHD,SECTOR 1,14,341014,23870.98,6820.28,SINGLE,JOB,YES,2019,8,4774196,30691.26,429677.63999999996,4344518.36,Mid-Range
PRIMUS,NIKE,LUXURY,ALTO,ISHAL WALIA,WEST,2019-08-27,Aug,PB,LUD,6,249734,27470.74,7492.02,SINGLE,JOB,YES,2019,8,1498404,34962.76,209776.56,1288627.44,Budget
PRIMUS,AUTOCAT,LUXURY,ALTO,ISHAL WALIA,SOUTH,2019-09-10,Sep,CHD,SECTOR 4,5,341014,23870.98,6820.28,GIFT,JOB,YES,2019,9,1705070,30691.26,153456.3,1551613.7,Mid-Range
PRIMUS,MITUSHI,BASIC,ALTO,ISHAL WALIA,WEST,2019-11-13,Nov,HR,AMBALA,9,296080,34345.28,1717.264,SINGLE,JOB,YES,2019,11,2664720,36062.544,324562.896,2340157.104,Mid-Range
PRIMUS,MITUSHI,LUXURY,SANTRO,ISHAL WALIA,SOUTH,2019-01-07,Jan,HR,PANIPAT,2,337290,39125.64,1956.282,SINGLE,JOB,YES,2019,1,674580,41081.922,82163.844,592416.156,Mid-Range
PRIMUS,AUTOCAT,LUXURY,SANTRO,ISHAL WALIA,WEST,2019-02-18,Feb,KEA,KOCHI,12,317700,50832.0,3177.0,GIFT,JOB,YES,2019,2,3812400,54009.0,648108.0,3164292.0,Mid-Range
PRIMUS,NIKE,LUXURY,SANTRO,ISHAL WALIA,WEST,2019-04-27,Apr,KTK,AJAYPURA,10,320000,22400.0,6400.0,FAMILY,JOB,NO,2019,4,3200000,28800.0,288000.0,2912000.0,Mid-Range
PRIMUS,NIKE,LUXURY,SANTRO,ISHAL WALIA,NORTH,2019-11-09,Nov,CHD,SECTOR 5,13,421813,29526.91,8436.26,SPOUSE,JOB,YES,2019,11,5483569,37963.17,493521.20999999996,4990047.79,Premium
PRIMUS,AUTOCAT,LUXURY,BEAT,ISHAL WALIA,SOUTH,2019-01-02,Jan,HR,SONIPAT,3,427389,49577.124,2478.8562,FAMILY,JOB,NO,2019,1,1282167,52055.980200000005,156167.94060000003,1125999.0594,Premium
PRIMUS,AUTOCAT,SUPER,BEAT,ISHAL WALIA,SOUTH,2019-02-06,Feb,KEA,KOCHI,0,347700,55632.0,3477.0,SINGLE,JOB,NO,2019,2,0,59109.0,0.0,0.0,Mid-Range
PRIMUS,AUTOCAT,SUPER,BEAT,ISHAL WALIA,EAST,2019-02-20,Feb,PB,AMR,1,422047,46425.17,12661.41,SINGLE,JOB,NO,2019,2,422047,59086.58,59086.58,362960.42,Premium
PRIMUS,AUTOCAT,EXTRA CLASS,BEAT,ISHAL WALIA,WEST,2019-11-03,Nov,KTK,BIDAR,2,350000,24500.0,7000.0,SINGLE,JOB,NO,2019,11,700000,31500.0,63000.0,637000.0,Mid-Range
PRIMUS,AUTOCAT,BASIC,BEAT,ISHAL WALIA,SOUTH,2019-11-24,Nov,HR,AMBALA,1,427389,49577.124,2478.8562,SINGLE,JOB,YES,2019,11,427389,52055.980200000005,52055.980200000005,375333.0198,Premium
PRIMUS,BULWARD,LUXURY,US18,ISHAL WALIA,SOUTH,2019-01-01,Jan,AP,TENALI,0,795400,95448.0,7954.0,FAMILY,JOB,NO,2019,1,0,103402.0,0.0,0.0,Premium
PRIMUS,BULWARD,LUXURY,US18,ISHAL WALIA,NORTH,2019-02-12,Feb,HR,KARNAL,0,858644,99602.704,4980.1352,FAMILY,JOB,NO,2019,2,0,104582.8392,0.0,0.0,Premium
PRIMUS,BULWARD,LUXURY,US18,ISHAL WALIA,WEST,2019-03-05,Mar,CHD,SECTOR 29,15,812117,56848.19,16242.34,FAMILY,JOB,YES,2019,3,12181755,73090.53,1096357.95,11085397.05,Premium
PRIMUS,MITUSHI,SUPER,US18,ISHAL WALIA,WEST,2019-04-16,Apr,HR,PANIPAT,0,858644,99602.704,4980.1352,FAMILY,JOB,YES,2019,4,0,104582.8392,0.0,0.0,Premium
PRIMUS,BULWARD,BASIC,US18,ISHAL WALIA,NORTH,2019-05-31,May,ASM,TEZPUR,4,801379,96165.48,7693.2384,FAMILY,JOB,YES,2019,5,3205516,103858.7184,415434.8736,2790081.1264,Premium
PRIMUS,NIKE,BASIC,US18,ISHAL WALIA,WEST,2019-07-05,Jul,RAJ,BIKANER,5,784020,15680.4,313.608,FAMILY,JOB,NO,2019,7,3920100,15994.008,79970.04,3840129.96,Premium
PRIMUS,NIKE,BASIC,US18,ISHAL WALIA,WEST,2019-09-13,Sep,AP,VIZAG,2,795400,95448.0,7954.0,FAMILY,JOB,YES,2019,9,1590800,103402.0,206804.0,1383996.0,Premium
PRIMUS,BULWARD,LUXURY,PUNTO,ISHAL WALIA,NORTH,2019-03-20,Mar,RAJ,JAIPUR,2,334020,6680.4,133.608,FAMILY,JOB,NO,2019,3,668040,6814.008,13628.016,654411.984,Mid-Range
PRIMUS,AUTOCAT,BASIC,PUNTO,ISHAL WALIA,NORTH,2019-09-28,Sep,AP,TIRUPATI,4,345400,41448.0,3454.0,SINGLE,JOB,YES,2019,9,1381600,44902.0,179608.0,1201992.0,Mid-Range
PRIMUS,BULWARD,BASIC,PUNTO,ISHAL WALIA,SOUTH,2019-12-21,Dec,HR,PANIPAT,5,397405,46098.98,2304.949,SINGLE,JOB,YES,2019,12,1987025,48403.929000000004,242019.64500000002,1745005.355,Mid-Range
PRIMUS,AUTOCAT,BASIC,MARUTI 800,ISHAL WALIA,WEST,2019-01-16,Jan,KTK,BIDAR,2,220000,15400.0,4400.0,SINGLE,JOB,NO,2019,1,440000,19800.0,39600.0,400400.0,Budget
PRIMUS,NIKE,BASIC,MARUTI 800,ISHAL WALIA,WEST,2019-02-27,Feb,DL,DWARKA,0,212010,9752.46,780.1968,SPOUSE,JOB,NO,2019,2,0,10532.656799999999,0.0,0.0,Budget
PRIMUS,NIKE,EXTRA CLASS,MARUTI 800,ISHAL WALIA,WEST,2019-04-22,Apr,PB,LUD,22,316877,34856.47,9506.31,SINGLE,JOB,YES,2019,4,6971294,44362.78,975981.1599999999,5995312.84,Mid-Range
PRIMUS,NIKE,BASIC,BEATLE,ISHAL WALIA,WEST,2019-02-06,Feb,AP,AMARVATI,44,225400,27048.0,2254.0,SINGLE,JOB,NO,2019,2,9917600,29302.0,1289288.0,8628312.0,Budget
PRIMUS,NIKE,BASIC,BEATLE,ISHAL WALIA,WEST,2019-04-03,Apr,HR,KAITHAL,0,296080,34345.28,1717.264,SINGLE,JOB,YES,2019,4,0,36062.544,0.0,0.0,Mid-Range
PRIMUS,NIKE,SUPER,BEATLE,ISHAL WALIA,WEST,2019-05-29,May,ASM,TEZPUR,2,231802,27816.24,2225.2992,SINGLE,JOB,NO,2019,5,463604,30041.539200000003,60083.078400000006,403520.9216,Budget
PRIMUS,NIKE,SUPER,BEATLE,ISHAL WALIA,SOUTH,2019-06-26,Jun,RAJ,AJMER,2,214020,4280.4,85.608,SINGLE,JOB,NO,2019,6,428040,4366.008,8732.016,419307.984,Budget
PRIMUS,BULWARD,LUXURY,BEATLE,ISHAL WALIA,SOUTH,2019-10-04,Oct,KTK,UDUPAI,15,230000,16100.0,4600.0,SINGLE,JOB,NO,2019,10,3450000,20700.0,310500.0,3139500.0,Budget
PRIMUS,BULWARD,BASIC,SANTRO,ISHAL WALIA,WEST,2019-02-18,Feb,CHD,SECTOR 5,19,341014,23870.98,6820.28,FAMILY,JOB,YES,2019,2,6479266,30691.26,583133.94,5896132.0600000005,Mid-Range
PRIMUS,BULWARD,LUXURY,SANTRO,ISHAL WALIA,WEST,2019-06-26,Jun,RAJ,JODHPUR,13,214020,4280.4,85.608,FAMILY,JOB,NO,2019,6,2782260,4366.008,56758.104,2725501.896,Budget
PRIMUS,BULWARD,BASIC,HAWK,ISHAL WALIA,SOUTH,2019-02-10,Feb,CHD,SECTOR 29,13,341014,23870.98,6820.28,SINGLE,JOB,YES,2019,2,4433182,30691.26,398986.38,4034195.62,Mid-Range
PRIMUS,BULWARD,BASIC,HAWK,ISHAL WALIA,EAST,2019-03-17,Mar,RAJ,JAIPUR,17,214020,4280.4,85.608,FAMILY,JOB,NO,2019,3,3638340,4366.008,74222.136,3564117.864,Budget
PRIMUS,AUTOCAT,LUXURY,ALTO,ISHAL WALIA,WEST,2019-05-13,May,ASM,DIPHU,10,231802,27816.24,2225.2992,SINGLE,STUDENT,YES,2019,5,2318020,30041.539200000003,300415.39200000005,2017604.608,Budget
PRIMUS,MITUSHI,SUPER,ALTO,ISHAL WALIA,WEST,2019-07-22,Jul,KEA,KOVALAM,1,227700,36432.0,2277.0,FAMILY,STUDENT,YES,2019,7,227700,38709.0,38709.0,188991.0,Budget
PRIMUS,MITUSHI,BASIC,ALTO,ISHAL WALIA,SOUTH,2019-10-30,Oct,KEA,KOLLAM,4,227700,36432.0,2277.0,FAMILY,STUDENT,NO,2019,10,910800,38709.0,154836.0,755964.0,Budget
PRIMUS,NIKE,LUXURY,SANTRO,ISHAL WALIA,SOUTH,2019-09-28,Sep,KTK,BIDAR,13,320000,22400.0,6400.0,FAMILY,STUDENT,NO,2019,9,4160000,28800.0,374400.0,3785600.0,Mid-Range
PRIMUS,AUTOCAT,SUPER,BEAT,ISHAL WALIA,WEST,2019-01-30,Jan,RAJ,BIKANER,1,334020,6680.4,133.608,SINGLE,STUDENT,YES,2019,1,334020,6814.008,6814.008,327205.992,Mid-Range
PRIMUS,NIKE,LUXURY,PUNTO,ISHAL WALIA,WEST,2019-02-06,Feb,ASM,DISPUR,22,352133,42255.96,3380.4768,SINGLE,STUDENT,YES,2019,2,7746926,45636.436799999996,1004001.6095999999,6742924.3904,Mid-Range
PRIMUS,NIKE,BASIC,BEATLE,ISHAL WALIA,NORTH,2019-01-09,Jan,KTK,AJAYPURA,44,230000,16100.0,4600.0,FAMILY,STUDENT,YES,2019,1,10120000,20700.0,910800.0,9209200.0,Budget
PRIMUS,BULWARD,BASIC,SANTRO,ISHAL WALIA,SOUTH,2019-01-21,Jan,KTK,AJAYPURA,14,230000,16100.0,4600.0,SINGLE,STUDENT,NO,2019,1,3220000,20700.0,289800.0,2930200.0,Budget
PRIMUS,BULWARD,BASIC,HAWK,ISHAL WALIA,WEST,2019-01-06,Jan,HR,KARNAL,13,427389,49577.124,2478.8562,FAMILY,STUDENT,YES,2019,1,5556057,52055.980200000005,676727.7426000001,4879329.2574,Premium
PRIMUS,MITUSHI,BASIC,ALTO,ISHAL WALIA,EAST,2019-06-24,Jun,PB,AMR,18,249734,27470.74,7492.02,FAMILY,SELF EMPLOYEED,YES,2019,6,4495212,34962.76,629329.68,3865882.32,Budget
PRIMUS,AUTOCAT,BASIC,SANTRO,ISHAL WALIA,SOUTH,2019-08-31,Aug,DL,DWARKA,0,312010,14352.46,1148.1968,FAMILY,SELF EMPLOYEED,YES,2019,8,0,15500.656799999999,0.0,0.0,Mid-Range
PRIMUS,NIKE,EXTRA CLASS,MARUTI 800,ISHAL WALIA,WEST,2019-06-03,Jun,ASM,GUWATI,13,221237,26548.44,2123.8752,FAMILY,SELF EMPLOYEED,YES,2019,6,2876081,28672.315199999997,372740.0976,2503340.9024,Budget
PRIMUS,BULWARD,BASIC,BEATLE,ISHAL WALIA,SOUTH,2019-11-29,Nov,DL,BADALPUR,15,222010,10212.46,816.9968,SINGLE,SELF EMPLOYEED,NO,2019,11,3330150,11029.4568,165441.852,3164708.148,Budget
PRIMUS,AUTOCAT,EXTRA CLASS,HAWK,ISHAL WALIA,SOUTH,2019-11-03,Nov,ASM,DHUBRI,20,231802,27816.24,2225.2992,FAMILY,SELF EMPLOYEED,YES,2019,11,4636040,30041.539200000003,600830.7840000001,4035209.216,Budget
KLV,AUTOCAT,BASIC,ALTO,ISHAL WALIA,WEST,2019-01-21,Jan,KTK,UDUPAI,12,230000,16100.0,4600.0,GIFT,BUSINESS,YES,2019,1,2760000,20700.0,248400.0,2511600.0,Budget
KLV,MITUSHI,BASIC,ALTO,ISHAL WALIA,SOUTH,2019-02-04,Feb,AP,VIZAG,12,225400,27048.0,2254.0,SINGLE,JOB,YES,2019,2,2704800,29302.0,351624.0,2353176.0,Budget
KLV,NIKE,SUPER,ALTO,ISHAL WALIA,SOUTH,2019-02-04,Feb,AP,VIZAG,45,315400,37848.0,3154.0,SINGLE,JOB,YES,2019,2,14193000,41002.0,1845090.0,12347910.0,Mid-Range
KLV,AUTOCAT,LUXURY,BEAT,ISHAL WALIA,WEST,2019-01-16,Jan,AP,AMARVATI,1,345400,41448.0,3454.0,SINGLE,SELF EMPLOYEED,YES,2019,1,345400,44902.0,44902.0,300498.0,Mid-Range
KLV,AUTOCAT,SUPER,BEAT,ISHAL WALIA,WEST,2019-02-13,Feb,RAJ,BIKANER,1,334020,6680.4,133.608,GIFT,BUSINESS,YES,2019,2,334020,6814.008,6814.008,327205.992,Mid-Range
KLV,AUTOCAT,EXTRA CLASS,BEAT,ISHAL WALIA,SOUTH,2019-11-10,Nov,AP,TIRUPATI,3,345400,41448.0,3454.0,SINGLE,JOB,YES,2019,11,1036200,44902.0,134706.0,901494.0,Mid-Range
KLV,AUTOCAT,BASIC,BEAT,ISHAL WALIA,SOUTH,2019-12-08,Dec,RAJ,JODHPUR,0,334020,6680.4,133.608,SINGLE,BUSINESS,YES,2019,12,0,6814.008,0.0,0.0,Mid-Range
KLV,NIKE,EXTRA CLASS,PUNTO,ISHAL WALIA,WEST,2019-05-25,May,ASM,HOJAI,2,352133,42255.96,3380.4768,FAMILY,STUDENT,YES,2019,5,704266,45636.436799999996,91272.87359999999,612993.1264,Mid-Range
KLV,BULWARD,EXTRA CLASS,PUNTO,ISHAL WALIA,SOUTH,2019-07-06,Jul,RAJ,JAIPUR,2,334020,6680.4,133.608,SPOUSE,JOB,YES,2019,7,668040,6814.008,13628.016,654411.984,Mid-Range
KLV,BULWARD,EXTRA CLASS,HAWK,ISHAL WALIA,SOUTH,2019-07-28,Jul,DL,BADALPUR,17,222010,10212.46,816.9968,FAMILY,JOB,YES,2019,7,3774170,11029.4568,187500.76559999998,3586669.2344,Budget
TESS,AUTOCAT,BASIC,ALTO,ISHAL WALIA,NORTH,2019-10-16,Oct,PB,PATIALA,9,249734,27470.74,7492.02,SINGLE,BUSINESS,YES,2019,10,2247606,34962.76,314664.84,1932941.16,Budget
TESS,MITUSHI,LUXURY,ALTO,ISHAL WALIA,EAST,2019-12-11,Dec,AP,VIZAG,9,225400,27048.0,2254.0,SINGLE,SELF EMPLOYEED,YES,2019,12,2028600,29302.0,263718.0,1764882.0,Budget
ELECTRA,AUTOCAT,SUPER,ALTO,ISHAL WALIA,SOUTH,2019-08-03,Aug,KTK,BGLORE,4,320000,22400.0,6400.0,SINGLE,JOB,YES,2019,8,1280000,28800.0,115200.0,1164800.0,Mid-Range
ELECTRA,BULWARD,BASIC,US18,ISHAL WALIA,SOUTH,2019-12-27,Dec,CHD,SECTOR 1,1,812117,56848.19,16242.34,SINGLE,BUSINESS,YES,2019,12,812117,73090.53,73090.53,739026.47,Premium
ELECTRA,NIKE,LUXURY,PUNTO,ISHAL WALIA,EAST,2019-05-01,May,DL,CP,2,342010,15732.46,1258.5968,SINGLE,BUSINESS,YES,2019,5,684020,16991.0568,33982.1136,650037.8864,Mid-Range
TESS,BULWARD,LUXURY,BEATLE,ISHAL WALIA,NORTH,2019-09-06,Sep,RAJ,BIKANER,16,214020,4280.4,85.608,FAMILY,JOB,NO,2019,9,3424320,4366.008,69856.128,3354463.872,Budget
TESS,BULWARD,BASIC,BEATLE,ISHAL WALIA,WEST,2019-12-27,Dec,HR,KAITHAL,13,296080,34345.28,1717.264,FAMILY,BUSINESS,YES,2019,12,3849040,36062.544,468813.07200000004,3380226.928,Mid-Range
ELECTRA,BULWARD,LUXURY,HAWK,ISHAL WALIA,SOUTH,2019-04-21,Apr,DL,DWARKA,15,222010,10212.46,816.9968,SINGLE,JOB,YES,2019,4,3330150,11029.4568,165441.852,3164708.148,Budget
TESS,NIKE,EXTRA CLASS,HAWK,ISHAL WALIA,WEST,2019-06-09,Jun,RAJ,JAIPUR,21,214020,4280.4,85.608,SINGLE,STUDENT,YES,2019,6,4494420,4366.008,91686.16799999999,4402733.832,Budget
TESS,NIKE,EXTRA CLASS,HAWK,ISHAL WALIA,WEST,2019-12-22,Dec,HR,PANIPAT,19,296080,34345.28,1717.264,FAMILY,BUSINESS,YES,2019,12,5625520,36062.544,685188.336,4940331.664,Mid-Range
TESS,AUTOCAT,LUXURY,SANTRO,ISHAL WALIA,SOUTH,2019-05-11,May,AP,HYDERABAD,12,315400,37848.0,3154.0,SINGLE,BUSINESS,YES,2019,5,3784800,41002.0,492024.0,3292776.0,Mid-Range
ELECTRA,BULWARD,LUXURY,SANTRO,ISHAL WALIA,EAST,2019-05-25,May,RAJ,JAIPUR,10,304020,6080.4,121.608,FAMILY,JOB,NO,2019,5,3040200,6202.008,62020.08,2978179.92,Mid-Range
TESS,NIKE,BASIC,SANTRO,ISHAL WALIA,EAST,2019-07-20,Jul,RAJ,JAIPUR,4,304020,6080.4,121.608,FAMILY,STUDENT,YES,2019,7,1216080,6202.008,24808.032,1191271.968,Mid-Range
TESS,NIKE,LUXURY,SANTRO,ISHAL WALIA,WEST,2019-09-14,Sep,HR,PANIPAT,9,337290,39125.64,1956.282,SPOUSE,BUSINESS,YES,2019,9,3035610,41081.922,369737.298,2665872.702,Mid-Range
ELECTRA,NIKE,LUXURY,SANTRO,ISHAL WALIA,EAST,2019-10-12,Oct,AP,AMARVATI,1,315400,37848.0,3154.0,SPOUSE,JOB,YES,2019,10,315400,41002.0,41002.0,274398.0,Mid-Range
ELECTRA,NIKE,BASIC,SANTRO,ISHAL WALIA,EAST,2019-11-23,Nov,ASM,GUWATI,3,321134,38536.08,3082.8864,FAMILY,BUSINESS,NO,2019,11,963402,41618.966400000005,124856.89920000001,838545.1008,Mid-Range
KLV,AUTOCAT,BASIC,SANTRO,ISHAL WALIA,WEST,2019-01-21,Jan,KTK,UDUPAI,3,320000,22400.0,6400.0,GIFT,BUSINESS,YES,2019,1,960000,28800.0,86400.0,873600.0,Mid-Range
KLV,NIKE,LUXURY,SANTRO,ISHAL WALIA,WEST,2019-03-18,Mar,KTK,AJAYPURA,15,320000,22400.0,6400.0,SINGLE,JOB,YES,2019,3,4800000,28800.0,432000.0,4368000.0,Mid-Range
KLV,BULWARD,LUXURY,SANTRO,ISHAL WALIA,NORTH,2019-04-01,Apr,RAJ,BIKANER,13,304020,6080.4,121.608,FAMILY,BUSINESS,NO,2019,4,3952260,6202.008,80626.10399999999,3871633.896,Mid-Range
KLV,MITUSHI,LUXURY,SANTRO,ISHAL WALIA,SOUTH,2019-06-08,Jun,PB,AMR,13,395352,43488.72,11860.56,SINGLE,BUSINESS,YES,2019,6,5139576,55349.28,719540.64,4420035.36,Mid-Range
KLV,NIKE,BASIC,SANTRO,ISHAL WALIA,EAST,2019-08-17,Aug,AP,TIRUPATI,1,315400,37848.0,3154.0,FAMILY,BUSINESS,YES,2019,8,315400,41002.0,41002.0,274398.0,Mid-Range
KLV,AUTOCAT,LUXURY,SANTRO,ISHAL WALIA,WEST,2019-12-05,Dec,DL,CP,15,312010,14352.46,1148.1968,SPOUSE,STUDENT,YES,2019,12,4680150,15500.656799999999,232509.85199999998,4447640.148,Mid-Range
KLV,BULWARD,SUPER,SANTRO,ISHAL WALIA,SOUTH,2019-03-18,Mar,ASM,HOJAI,22,231802,27816.24,2225.2992,FAMILY,BUSINESS,NO,2019,3,5099644,30041.539200000003,660913.8624000001,4438730.1376,Budget
KLV,BULWARD,SUPER,SANTRO,ISHAL WALIA,WEST,2019-04-15,Apr,RAJ,AJMER,22,214020,4280.4,85.608,SPOUSE,JOB,YES,2019,4,4708440,4366.008,96052.17599999999,4612387.824,Budget
KLV,BULWARD,LUXURY,SANTRO,ISHAL WALIA,EAST,2019-05-01,May,CHD,SECTOR 29,13,341014,23870.98,6820.28,SINGLE,JOB,NO,2019,5,4433182,30691.26,398986.38,4034195.62,Mid-Range
KLV,BULWARD,LUXURY,SANTRO,ISHAL WALIA,SOUTH,2019-05-29,May,ASM,DISPUR,12,231802,27816.24,2225.2992,GIFT,BUSINESS,YES,2019,5,2781624,30041.539200000003,360498.47040000005,2421125.5296,Budget
KLV,BULWARD,BASIC,SANTRO,ISHAL WALIA,EAST,2019-08-21,Aug,AP,TENALI,14,345400,41448.0,3454.0,FAMILY,BUSINESS,NO,2019,8,4835600,44902.0,628628.0,4206972.0,Mid-Range
KLV,BULWARD,BASIC,SANTRO,ISHAL WALIA,SOUTH,2019-09-18,Sep,DL,DWARKA,19,222010,10212.46,816.9968,SPOUSE,BUSINESS,YES,2019,9,4218190,11029.4568,209559.6792,4008630.3208,Budget
PRIMUS,MITUSHI,EXTRA CLASS,ALTO,PRANAY SETH,SOUTH,2019-02-24,Feb,PB,LUD,10,249734,27470.74,7492.02,SPOUSE,BUSINESS,YES,2019,2,2497340,34962.76,349627.60000000003,2147712.4,Budget
PRIMUS,BULWARD,LUXURY,ALTO,PRANAY SETH,WEST,2019-04-07,Apr,ASM,GOALPARA,15,231802,27816.24,2225.2992,SINGLE,BUSINESS,YES,2019,4,3477030,30041.539200000003,450623.08800000005,3026406.912,Budget
PRIMUS,BULWARD,LUXURY,ALTO,PRANAY SETH,WEST,2019-05-05,May,DL,CP,0,222010,10212.46,816.9968,SINGLE,BUSINESS,YES,2019,5,0,11029.4568,0.0,0.0,Budget
PRIMUS,MITUSHI,LUXURY,ALTO,PRANAY SETH,NORTH,2019-05-19,May,PB,AMR,13,249734,27470.74,7492.02,SINGLE,BUSINESS,YES,2019,5,3246542,34962.76,454515.88,2792026.12,Budget
PRIMUS,BULWARD,LUXURY,ALTO,PRANAY SETH,NORTH,2019-06-02,Jun,PB,AMR,17,249734,27470.74,7492.02,SINGLE,BUSINESS,YES,2019,6,4245478,34962.76,594366.92,3651111.08,Budget
PRIMUS,MITUSHI,LUXURY,ALTO,PRANAY SETH,WEST,2019-07-14,Jul,PB,PATIALA,14,249734,27470.74,7492.02,SINGLE,BUSINESS,NO,2019,7,3496276,34962.76,489478.64,3006797.36,Budget
PRIMUS,MITUSHI,SUPER,ALTO,PRANAY SETH,EAST,2019-08-11,Aug,DL,CP,9,222010,10212.46,816.9968,SINGLE,BUSINESS,NO,2019,8,1998090,11029.4568,99265.1112,1898824.8888,Budget
PRIMUS,BULWARD,LUXURY,ALTO,PRANAY SETH,WEST,2019-09-24,Sep,ASM,GUWATI,8,231802,27816.24,2225.2992,SINGLE,BUSINESS,YES,2019,9,1854416,30041.539200000003,240332.31360000002,1614083.6864,Budget
PRIMUS,MITUSHI,EXTRA CLASS,ALTO,PRANAY SETH,WEST,2019-10-22,Oct,PB,PATIALA,3,249734,27470.74,7492.02,SINGLE,BUSINESS,YES,2019,10,749202,34962.76,104888.28,644313.72,Budget
PRIMUS,BULWARD,EXTRA CLASS,ALTO,PRANAY SETH,WEST,2019-11-05,Nov,PB,AMR,15,249734,27470.74,7492.02,GIFT,BUSINESS,YES,2019,11,3746010,34962.76,524441.4,3221568.6,Budget
PRIMUS,BULWARD,BASIC,ALTO,PRANAY SETH,SOUTH,2019-11-19,Nov,KEA,KOCHI,14,227700,36432.0,2277.0,SINGLE,BUSINESS,NO,2019,11,3187800,38709.0,541926.0,2645874.0,Budget
PRIMUS,BULWARD,LUXURY,ALTO,PRANAY SETH,WEST,2019-12-31,Dec,PB,LUD,2,249734,27470.74,7492.02,SINGLE,BUSINESS,YES,2019,12,499468,34962.76,69925.52,429542.48,Budget
PRIMUS,MITUSHI,SUPER,SANTRO,PRANAY SETH,SOUTH,2019-02-24,Feb,PB,LUD,3,395352,43488.72,11860.56,SPOUSE,BUSINESS,YES,2019,2,1186056,55349.28,166047.84,1020008.16,Mid-Range
PRIMUS,AUTOCAT,LUXURY,SANTRO,PRANAY SETH,SOUTH,2019-05-03,May,HR,SONIPAT,11,337290,39125.64,1956.282,GIFT,BUSINESS,YES,2019,5,3710190,41081.922,451901.142,3258288.858,Mid-Range
PRIMUS,NIKE,SUPER,SANTRO,PRANAY SETH,SOUTH,2019-10-18,Oct,KTK,BIDAR,10,320000,22400.0,6400.0,SINGLE,BUSINESS,YES,2019,10,3200000,28800.0,288000.0,2912000.0,Mid-Range
PRIMUS,AUTOCAT,LUXURY,BEAT,PRANAY SETH,NORTH EAST,2019-01-05,Jan,KEA,VARKALA,10,347700,55632.0,3477.0,FAMILY,BUSINESS,YES,2019,1,3477000,59109.0,591090.0,2885910.0,Mid-Range
PRIMUS,AUTOCAT,SUPER,BEAT,PRANAY SETH,EAST,2019-01-26,Jan,RAJ,AJMER,1,334020,6680.4,133.608,SPOUSE,BUSINESS,NO,2019,1,334020,6814.008,6814.008,327205.992,Mid-Range
PRIMUS,AUTOCAT,SUPER,BEAT,PRANAY SETH,WEST,2019-03-02,Mar,KEA,KOVALAM,1,347700,55632.0,3477.0,SPOUSE,BUSINESS,YES,2019,3,347700,59109.0,59109.0,288591.0,Mid-Range
PRIMUS,AUTOCAT,LUXURY,BEAT,PRANAY SETH,WEST,2019-09-26,Sep,PB,LUD,3,422047,46425.17,12661.41,FAMILY,BUSINESS,YES,2019,9,1266141,59086.58,177259.74,1088881.26,Premium
PRIMUS,BULWARD,SUPER,US18,PRANAY SETH,NORTH,2019-01-31,Jan,AP,VIZAG,15,795400,95448.0,7954.0,FAMILY,BUSINESS,YES,2019,1,11931000,103402.0,1551030.0,10379970.0,Premium
PRIMUS,BULWARD,SUPER,US18,PRANAY SETH,NORTH,2019-03-14,Mar,PB,LUD,0,810553,89160.83,24316.59,FAMILY,BUSINESS,YES,2019,3,0,113477.42,0.0,0.0,Premium
PRIMUS,AUTOCAT,EXTRA CLASS,US18,PRANAY SETH,NORTH,2019-05-13,May,DL,BADALPUR,4,792010,36432.46,2914.5968,FAMILY,BUSINESS,YES,2019,5,3168040,39347.0568,157388.2272,3010651.7728,Premium
PRIMUS,AUTOCAT,EXTRA CLASS,US18,PRANAY SETH,SOUTH,2019-07-20,Jul,ASM,DHUBRI,3,801379,96165.48,7693.2384,FAMILY,BUSINESS,YES,2019,7,2404137,103858.7184,311576.1552,2092560.8448,Premium
PRIMUS,NIKE,LUXURY,PUNTO,PRANAY SETH,WEST,2019-01-13,Jan,DL,CP,7,342010,15732.46,1258.5968,FAMILY,BUSINESS,NO,2019,1,2394070,16991.0568,118937.3976,2275132.6024,Mid-Range
PRIMUS,AUTOCAT,LUXURY,PUNTO,PRANAY SETH,NORTH,2019-02-24,Feb,CHD,SECTOR 29,1,425668,29796.76,8513.36,SINGLE,BUSINESS,YES,2019,2,425668,38310.119999999995,38310.119999999995,387357.88,Premium
PRIMUS,NIKE,LUXURY,PUNTO,PRANAY SETH,WEST,2019-07-24,Jul,ASM,GUWATI,2,352133,42255.96,3380.4768,SINGLE,BUSINESS,YES,2019,7,704266,45636.436799999996,91272.87359999999,612993.1264,Mid-Range
PRIMUS,BULWARD,EXTRA CLASS,PUNTO,PRANAY SETH,SOUTH,2019-11-27,Nov,AP,AMARVATI,0,345400,41448.0,3454.0,SPOUSE,BUSINESS,NO,2019,11,0,44902.0,0.0,0.0,Mid-Range
PRIMUS,NIKE,EXTRA CLASS,MARUTI 800,PRANAY SETH,NORTH,2019-01-25,Jan,HR,SONIPAT,4,348158,40386.328,2019.3164,SINGLE,BUSINESS,YES,2019,1,1392632,42405.644400000005,169622.57760000002,1223009.4224,Mid-Range
PRIMUS,AUTOCAT,LUXURY,MARUTI 800,PRANAY SETH,EAST,2019-03-29,Mar,DL,DWARKA,1,212010,9752.46,780.1968,FAMILY,BUSINESS,YES,2019,3,212010,10532.656799999999,10532.656799999999,201477.3432,Budget
PRIMUS,NIKE,LUXURY,MARUTI 800,PRANAY SETH,SOUTH,2019-05-01,May,RAJ,AJMER,6,204020,4080.4,81.608,FAMILY,BUSINESS,YES,2019,5,1224120,4162.008,24972.048,1199147.952,Budget
PRIMUS,NIKE,LUXURY,MARUTI 800,PRANAY SETH,NORTH,2019-12-28,Dec,ASM,TEZPUR,0,221237,26548.44,2123.8752,SINGLE,BUSINESS,NO,2019,12,0,28672.315199999997,0.0,0.0,Budget
PRIMUS,NIKE,EXTRA CLASS,BEATLE,PRANAY SETH,SOUTH,2019-02-18,Feb,KTK,UDUPAI,3,230000,16100.0,4600.0,FAMILY,BUSINESS,YES,2019,2,690000,20700.0,62100.0,627900.0,Budget
PRIMUS,NIKE,EXTRA CLASS,BEATLE,PRANAY SETH,EAST,2019-05-13,May,DL,DWARKA,2,222010,10212.46,816.9968,SPOUSE,BUSINESS,NO,2019,5,444020,11029.4568,22058.9136,421961.08640000003,Budget
PRIMUS,NIKE,SUPER,BEATLE,PRANAY SETH,WEST,2019-07-24,Jul,DL,DWARKA,9,222010,10212.46,816.9968,FAMILY,BUSINESS,NO,2019,7,1998090,11029.4568,99265.1112,1898824.8888,Budget
PRIMUS,NIKE,SUPER,BEATLE,PRANAY SETH,WEST,2019-09-18,Sep,ASM,HOJAI,15,231802,27816.24,2225.2992,FAMILY,BUSINESS,YES,2019,9,3477030,30041.539200000003,450623.08800000005,3026406.912,Budget
PRIMUS,NIKE,BASIC,BEATLE,PRANAY SETH,WEST,2019-10-16,Oct,HR,KAITHAL,10,296080,34345.28,1717.264,SINGLE,BUSINESS,NO,2019,10,2960800,36062.544,360625.44,2600174.56,Mid-Range
PRIMUS,NIKE,EXTRA CLASS,SANTRO,PRANAY SETH,SOUTH,2019-01-05,Jan,KEA,KOCHI,16,227700,36432.0,2277.0,SINGLE,BUSINESS,YES,2019,1,3643200,38709.0,619344.0,3023856.0,Budget
PRIMUS,NIKE,EXTRA CLASS,SANTRO,PRANAY SETH,NORTH,2019-03-02,Mar,DL,BADALPUR,11,222010,10212.46,816.9968,SINGLE,BUSINESS,YES,2019,3,2442110,11029.4568,121324.0248,2320785.9752,Budget
PRIMUS,BULWARD,SUPER,SANTRO,PRANAY SETH,SOUTH,2019-05-13,May,DL,BADALPUR,12,222010,10212.46,816.9968,FAMILY,BUSINESS,YES,2019,5,2664120,11029.4568,132353.4816,2531766.5184,Budget
PRIMUS,BULWARD,EXTRA CLASS,HAWK,PRANAY SETH,SOUTH,2019-01-21,Jan,KEA,KOLLAM,11,227700,36432.0,2277.0,SINGLE,BUSINESS,YES,2019,1,2504700,38709.0,425799.0,2078901.0,Budget
PRIMUS,BULWARD,EXTRA CLASS,ALTO,PRANAY SETH,WEST,2019-02-10,Feb,PB,LUD,21,249734,27470.74,7492.02,FAMILY,JOB,NO,2019,2,5244414,34962.76,734217.9600000001,4510196.04,Budget
PRIMUS,BULWARD,EXTRA CLASS,ALTO,PRANAY SETH,WEST,2019-03-10,Mar,KEA,KOLLAM,7,227700,36432.0,2277.0,FAMILY,JOB,NO,2019,3,1593900,38709.0,270963.0,1322937.0,Budget
PRIMUS,MITUSHI,LUXURY,ALTO,PRANAY SETH,NORTH,2019-03-24,Mar,CHD,SECTOR 1,9,341014,23870.98,6820.28,SINGLE,JOB,YES,2019,3,3069126,30691.26,276221.33999999997,2792904.66,Mid-Range
PRIMUS,MITUSHI,LUXURY,ALTO,PRANAY SETH,SOUTH,2019-04-21,Apr,RAJ,JODHPUR,2,214020,4280.4,85.608,SINGLE,JOB,YES,2019,4,428040,4366.008,8732.016,419307.984,Budget
PRIMUS,BULWARD,BASIC,ALTO,PRANAY SETH,SOUTH,2019-06-30,Jun,RAJ,JODHPUR,11,214020,4280.4,85.608,SINGLE,JOB,YES,2019,6,2354220,4366.008,48026.087999999996,2306193.912,Budget
PRIMUS,BULWARD,SUPER,ALTO,PRANAY SETH,SOUTH,2019-09-02,Sep,RAJ,JAIPUR,6,214020,4280.4,85.608,FAMILY,JOB,YES,2019,9,1284120,4366.008,26196.048,1257923.952,Budget
PRIMUS,MITUSHI,EXTRA CLASS,ALTO,PRANAY SETH,NORTH,2019-10-08,Oct,RAJ,BIDAR,14,214020,4280.4,85.608,GIFT,JOB,YES,2019,10,2996280,4366.008,61124.111999999994,2935155.888,Budget
PRIMUS,BULWARD,LUXURY,ALTO,PRANAY SETH,SOUTH,2019-12-17,Dec,PB,LUD,10,249734,27470.74,7492.02,SINGLE,JOB,NO,2019,12,2497340,34962.76,349627.60000000003,2147712.4,Budget
PRIMUS,AUTOCAT,SUPER,SANTRO,PRANAY SETH,NORTH,2019-03-24,Mar,CHD,SECTOR 1,9,421813,29526.91,8436.26,SINGLE,JOB,YES,2019,3,3796317,37963.17,341668.52999999997,3454648.47,Premium
PRIMUS,NIKE,LUXURY,SANTRO,PRANAY SETH,SOUTH,2019-05-31,May,ASM,DISPUR,1,321134,38536.08,3082.8864,GIFT,JOB,YES,2019,5,321134,41618.966400000005,41618.966400000005,279515.03359999997,Mid-Range
PRIMUS,NIKE,BASIC,SANTRO,PRANAY SETH,SOUTH,2019-06-28,Jun,DL,CP,7,312010,14352.46,1148.1968,GIFT,JOB,YES,2019,6,2184070,15500.656799999999,108504.5976,2075565.4024,Mid-Range
PRIMUS,NIKE,SUPER,SANTRO,PRANAY SETH,WEST,2019-09-06,Sep,AP,AMARVATI,0,315400,37848.0,3154.0,FAMILY,JOB,NO,2019,9,0,41002.0,0.0,0.0,Mid-Range
PRIMUS,AUTOCAT,LUXURY,BEAT,PRANAY SETH,NORTH,2019-01-19,Jan,KTK,UDUPAI,15,350000,24500.0,7000.0,FAMILY,JOB,YES,2019,1,5250000,31500.0,472500.0,4777500.0,Mid-Range
PRIMUS,AUTOCAT,SUPER,BEAT,PRANAY SETH,SOUTH,2019-02-23,Feb,RAJ,BIKANER,1,334020,6680.4,133.608,FAMILY,JOB,YES,2019,2,334020,6814.008,6814.008,327205.992,Mid-Range
PRIMUS,AUTOCAT,SUPER,BEAT,PRANAY SETH,SOUTH,2019-09-21,Sep,RAJ,AJMER,3,334020,6680.4,133.608,SPOUSE,JOB,YES,2019,9,1002060,6814.008,20442.023999999998,981617.976,Mid-Range
PRIMUS,AUTOCAT,BASIC,BEAT,PRANAY SETH,WEST,2019-09-28,Sep,KEA,VARKALA,2,347700,55632.0,3477.0,FAMILY,JOB,NO,2019,9,695400,59109.0,118218.0,577182.0,Mid-Range
PRIMUS,BULWARD,SUPER,US18,PRANAY SETH,WEST,2019-01-10,Jan,KTK,BGLORE,8,800000,56000.0,16000.0,GIFT,JOB,NO,2019,1,6400000,72000.0,576000.0,5824000.0,Premium
PRIMUS,BULWARD,SUPER,US18,PRANAY SETH,EAST,2019-02-21,Feb,KEA,KOLLAM,14,797700,127632.0,7977.0,FAMILY,JOB,YES,2019,2,11167800,135609.0,1898526.0,9269274.0,Premium
PRIMUS,NIKE,BASIC,US18,PRANAY SETH,WEST,2019-04-04,Apr,PB,LUD,13,810553,89160.83,24316.59,FAMILY,JOB,YES,2019,4,10537189,113477.42,1475206.46,9061982.54,Premium
PRIMUS,NIKE,EXTRA CLASS,US18,PRANAY SETH,WEST,2019-08-24,Aug,HR,PANIPAT,11,858644,99602.704,4980.1352,SINGLE,JOB,NO,2019,8,9445084,104582.8392,1150411.2312,8294672.7688,Premium
PRIMUS,AUTOCAT,EXTRA CLASS,US18,PRANAY SETH,NORTH,2019-09-28,Sep,KTK,AJAYPURA,1,800000,56000.0,16000.0,GIFT,JOB,YES,2019,9,800000,72000.0,72000.0,728000.0,Premium
PRIMUS,AUTOCAT,SUPER,US18,PRANAY SETH,SOUTH,2019-12-07,Dec,KEA,KOCHI,6,797700,127632.0,7977.0,SPOUSE,JOB,YES,2019,12,4786200,135609.0,813654.0,3972546.0,Premium
PRIMUS,AUTOCAT,BASIC,PUNTO,PRANAY SETH,EAST,2019-10-16,Oct,KTK,BGLORE,6,350000,24500.0,7000.0,FAMILY,JOB,YES,2019,10,2100000,31500.0,189000.0,1911000.0,Mid-Range
PRIMUS,AUTOCAT,EXTRA CLASS,MARUTI 800,PRANAY SETH,WEST,2019-01-04,Jan,KEA,VARKALA,1,217700,34832.0,2177.0,FAMILY,JOB,YES,2019,1,217700,37009.0,37009.0,180691.0,Budget
PRIMUS,NIKE,EXTRA CLASS,MARUTI 800,PRANAY SETH,EAST,2019-02-15,Feb,KTK,BIDAR,7,220000,15400.0,4400.0,FAMILY,JOB,YES,2019,2,1540000,19800.0,138600.0,1401400.0,Budget
PRIMUS,AUTOCAT,EXTRA CLASS,MARUTI 800,PRANAY SETH,NORTH,2019-03-08,Mar,AP,TIRUPATI,33,215400,25848.0,2154.0,SINGLE,JOB,YES,2019,3,7108200,28002.0,924066.0,6184134.0,Budget
PRIMUS,NIKE,LUXURY,MARUTI 800,PRANAY SETH,NORTH,2019-11-30,Nov,CHD,SECTOR 1,4,255519,17886.33,5110.38,GIFT,JOB,YES,2019,11,1022076,22996.710000000003,91986.84000000001,930089.16,Mid-Range
PRIMUS,NIKE,EXTRA CLASS,BEATLE,PRANAY SETH,NORTH,2019-04-15,Apr,KEA,VARKALA,12,227700,36432.0,2277.0,FAMILY,JOB,YES,2019,4,2732400,38709.0,464508.0,2267892.0,Budget
PRIMUS,NIKE,SUPER,BEATLE,PRANAY SETH,SOUTH,2019-06-10,Jun,CHD,SECTOR 5,2,341014,23870.98,6820.28,FAMILY,JOB,NO,2019,6,682028,30691.26,61382.52,620645.48,Mid-Range
PRIMUS,NIKE,SUPER,BEATLE,PRANAY SETH,NORTH,2019-08-21,Aug,CHD,SECTOR 29,11,341014,23870.98,6820.28,SINGLE,JOB,NO,2019,8,3751154,30691.26,337603.86,3413550.14,Mid-Range
PRIMUS,NIKE,EXTRA CLASS,BEATLE,PRANAY SETH,WEST,2019-12-11,Dec,AP,HYDERABAD,14,225400,27048.0,2254.0,SINGLE,JOB,YES,2019,12,3155600,29302.0,410228.0,2745372.0,Budget
PRIMUS,BULWARD,EXTRA CLASS,SANTRO,PRANAY SETH,SOUTH,2019-09-02,Sep,KTK,BGLORE,16,230000,16100.0,4600.0,GIFT,JOB,YES,2019,9,3680000,20700.0,331200.0,3348800.0,Budget
PRIMUS,BULWARD,EXTRA CLASS,HAWK,PRANAY SETH,SOUTH,2019-04-01,Apr,KTK,BGLORE,11,230000,16100.0,4600.0,SINGLE,JOB,YES,2019,4,2530000,20700.0,227700.0,2302300.0,Budget
PRIMUS,AUTOCAT,LUXURY,HAWK,PRANAY SETH,WEST,2019-11-24,Nov,CHD,SECTOR 29,22,341014,23870.98,6820.28,SINGLE,JOB,YES,2019,11,7502308,30691.26,675207.72,6827100.28,Mid-Range
PRIMUS,MITUSHI,BASIC,ALTO,PRANAY SETH,EAST,2019-06-16,Jun,KEA,KOLLAM,21,227700,36432.0,2277.0,SINGLE,STUDENT,NO,2019,6,4781700,38709.0,812889.0,3968811.0,Budget
PRIMUS,BULWARD,BASIC,ALTO,PRANAY SETH,WEST,2019-12-03,Dec,HR,KAITHAL,3,296080,34345.28,1717.264,SINGLE,STUDENT,YES,2019,12,888240,36062.544,108187.63200000001,780052.368,Mid-Range
PRIMUS,NIKE,SUPER,SANTRO,PRANAY SETH,NORTH,2019-11-01,Nov,AP,TIRUPATI,4,315400,37848.0,3154.0,FAMILY,STUDENT,YES,2019,11,1261600,41002.0,164008.0,1097592.0,Mid-Range
PRIMUS,AUTOCAT,SUPER,BEAT,PRANAY SETH,NORTH,2019-02-16,Feb,ASM,DIPHU,1,351676,42201.12,3376.0896,SPOUSE,STUDENT,YES,2019,2,351676,45577.2096,45577.2096,306098.7904,Mid-Range
PRIMUS,BULWARD,BASIC,PUNTO,PRANAY SETH,NORTH,2019-09-04,Sep,HR,KAITHAL,2,397405,46098.98,2304.949,GIFT,STUDENT,NO,2019,9,794810,48403.929000000004,96807.85800000001,698002.142,Mid-Range
PRIMUS,NIKE,LUXURY,MARUTI 800,PRANAY SETH,WEST,2019-05-22,May,DL,DWARKA,13,212010,9752.46,780.1968,SINGLE,STUDENT,YES,2019,5,2756130,10532.656799999999,136924.5384,2619205.4616,Budget
PRIMUS,NIKE,EXTRA CLASS,BEATLE,PRANAY SETH,WEST,2019-03-18,Mar,AP,TIRUPATI,23,225400,27048.0,2254.0,SPOUSE,STUDENT,YES,2019,3,5184200,29302.0,673946.0,4510254.0,Budget
PRIMUS,NIKE,EXTRA CLASS,BEATLE,PRANAY SETH,NORTH,2019-11-13,Nov,KTK,AJAYPURA,17,230000,16100.0,4600.0,SINGLE,STUDENT,YES,2019,11,3910000,20700.0,351900.0,3558100.0,Budget
PRIMUS,AUTOCAT,LUXURY,HAWK,PRANAY SETH,SOUTH,2019-10-06,Oct,DL,DWARKA,13,222010,10212.46,816.9968,SINGLE,STUDENT,NO,2019,10,2886130,11029.4568,143382.93839999998,2742747.0616,Budget
PRIMUS,BULWARD,SUPER,ALTO,PRANAY SETH,NORTH,2019-07-28,Jul,PB,PATIALA,4,249734,27470.74,7492.02,SINGLE,SELF EMPLOYEED,YES,2019,7,998936,34962.76,139851.04,859084.96,Budget
PRIMUS,NIKE,SUPER,SANTRO,PRANAY SETH,WEST,2019-10-04,Oct,HR,SONIPAT,3,337290,39125.64,1956.282,FAMILY,SELF EMPLOYEED,NO,2019,10,1011870,41081.922,123245.766,888624.2339999999,Mid-Range
PRIMUS,AUTOCAT,SUPER,BEAT,PRANAY SETH,SOUTH,2019-02-02,Feb,PB,AMR,1,422047,46425.17,12661.41,FAMILY,SELF EMPLOYEED,YES,2019,2,422047,59086.58,59086.58,362960.42,Premium
PRIMUS,NIKE,EXTRA CLASS,BEATLE,PRANAY SETH,EAST,2019-01-21,Jan,HR,KAITHAL,12,296080,34345.28,1717.264,GIFT,SELF EMPLOYEED,YES,2019,1,3552960,36062.544,432750.52800000005,3120209.472,Mid-Range
KLV,MITUSHI,EXTRA CLASS,ALTO,PRANAY SETH,NORTH,2019-01-27,Jan,HR,PANIPAT,17,296080,34345.28,1717.264,SPOUSE,BUSINESS,YES,2019,1,5033360,36062.544,613063.248,4420296.752,Mid-Range
KLV,AUTOCAT,BASIC,ALTO,PRANAY SETH,SOUTH,2019-07-26,Jul,ASM,GUWATI,7,321134,38536.08,3082.8864,GIFT,BUSINESS,YES,2019,7,2247938,41618.966400000005,291332.7648,1956605.2352,Mid-Range
KLV,NIKE,EXTRA CLASS,US18,PRANAY SETH,EAST,2019-06-15,Jun,CHD,SECTOR 29,12,812117,56848.19,16242.34,FAMILY,JOB,YES,2019,6,9745404,73090.53,877086.36,8868317.64,Premium
KLV,NIKE,SUPER,US18,PRANAY SETH,EAST,2019-11-02,Nov,AP,TIRUPATI,3,795400,95448.0,7954.0,FAMILY,BUSINESS,NO,2019,11,2386200,103402.0,310206.0,2075994.0,Premium
KLV,NIKE,LUXURY,PUNTO,PRANAY SETH,EAST,2019-04-07,Apr,KTK,AJAYPURA,2,350000,24500.0,7000.0,GIFT,BUSINESS,NO,2019,4,700000,31500.0,63000.0,637000.0,Mid-Range
KLV,BULWARD,LUXURY,PUNTO,PRANAY SETH,SOUTH,2019-06-12,Jun,CHD,SECTOR 4,2,425668,29796.76,8513.36,FAMILY,SELF EMPLOYEED,NO,2019,6,851336,38310.119999999995,76620.23999999999,774715.76,Premium
KLV,BULWARD,EXTRA CLASS,HAWK,PRANAY SETH,EAST,2019-02-25,Feb,KTK,AJAYPURA,12,230000,16100.0,4600.0,SINGLE,JOB,YES,2019,2,2760000,20700.0,248400.0,2511600.0,Budget
KLV,BULWARD,LUXURY,HAWK,PRANAY SETH,EAST,2019-08-18,Aug,AP,VIZAG,15,225400,27048.0,2254.0,SINGLE,BUSINESS,YES,2019,8,3381000,29302.0,439530.0,2941470.0,Budget
ELECTRA,BULWARD,EXTRA CLASS,ALTO,PRANAY SETH,WEST,2019-01-13,Jan,KEA,KOCHI,13,227700,36432.0,2277.0,FAMILY,JOB,NO,2019,1,2960100,38709.0,503217.0,2456883.0,Budget
ELECTRA,AUTOCAT,SUPER,ALTO,PRANAY SETH,WEST,2019-02-10,Feb,PB,LUD,5,395352,43488.72,11860.56,FAMILY,JOB,NO,2019,2,1976760,55349.28,276746.4,1700013.6,Mid-Range
TESS,AUTOCAT,LUXURY,BEAT,PRANAY SETH,SOUTH,2019-01-12,Jan,HR,KAITHAL,53,427389,49577.124,2478.8562,SPOUSE,STUDENT,NO,2019,1,22651617,52055.980200000005,2758966.9506,19892650.0494,Premium
TESS,AUTOCAT,SUPER,BEAT,PRANAY SETH,WEST,2019-02-09,Feb,CHD,SECTOR 5,1,442377,30966.39,8847.54,FAMILY,BUSINESS,NO,2019,2,442377,39813.93,39813.93,402563.07,Premium
TESS,AUTOCAT,LUXURY,BEAT,PRANAY SETH,SOUTH,2019-09-19,Sep,HR,AMBALA,4,427389,49577.124,2478.8562,FAMILY,JOB,YES,2019,9,1709556,52055.980200000005,208223.92080000002,1501332.0792,Premium
TESS,AUTOCAT,BASIC,BEAT,PRANAY SETH,SOUTH,2019-12-04,Dec,CHD,SECTOR 29,1,442377,30966.39,8847.54,SPOUSE,BUSINESS,YES,2019,12,442377,39813.93,39813.93,402563.07,Premium
ELECTRA,BULWARD,LUXURY,HAWK,PRANAY SETH,WEST,2019-05-11,May,AP,VIZAG,12,225400,27048.0,2254.0,FAMILY,JOB,NO,2019,5,2704800,29302.0,351624.0,2353176.0,Budget
TESS,NIKE,LUXURY,HAWK,PRANAY SETH,SOUTH,2019-06-30,Jun,KTK,BIDAR,22,230000,16100.0,4600.0,SINGLE,BUSINESS,NO,2019,6,5060000,20700.0,455400.0,4604600.0,Budget
ELECTRA,BULWARD,LUXURY,SANTRO,PRANAY SETH,WEST,2019-01-13,Jan,KEA,KOCHI,6,317700,50832.0,3177.0,FAMILY,JOB,NO,2019,1,1906200,54009.0,324054.0,1582146.0,Mid-Range
TESS,NIKE,SUPER,SANTRO,PRANAY SETH,WEST,2019-03-10,Mar,KEA,KOLLAM,7,317700,50832.0,3177.0,FAMILY,JOB,NO,2019,3,2223900,54009.0,378063.0,1845837.0,Mid-Range
ELECTRA,AUTOCAT,BASIC,SANTRO,PRANAY SETH,SOUTH,2019-08-23,Aug,KTK,BGLORE,0,320000,22400.0,6400.0,SINGLE,STUDENT,YES,2019,8,0,28800.0,0.0,0.0,Mid-Range
TESS,AUTOCAT,SUPER,SANTRO,PRANAY SETH,SOUTH,2019-09-20,Sep,KEA,VARKALA,7,317700,50832.0,3177.0,SINGLE,BUSINESS,YES,2019,9,2223900,54009.0,378063.0,1845837.0,Mid-Range
ELECTRA,NIKE,EXTRA CLASS,SANTRO,PRANAY SETH,WEST,2019-02-02,Feb,HR,KAITHAL,11,296080,34345.28,1717.264,SINGLE,SELF EMPLOYEED,YES,2019,2,3256880,36062.544,396687.984,2860192.016,Mid-Range
TESS,BULWARD,BASIC,SANTRO,PRANAY SETH,WEST,2019-08-05,Aug,HR,KARNAL,11,427389,49577.124,2478.8562,SINGLE,BUSINESS,YES,2019,8,4701279,52055.980200000005,572615.7822,4128663.2177999998,Premium
KLV,MITUSHI,SUPER,SANTRO,PRANAY SETH,NORTH,2019-01-27,Jan,HR,PANIPAT,2,337290,39125.64,1956.282,SPOUSE,BUSINESS,YES,2019,1,674580,41081.922,82163.844,592416.156,Mid-Range
KLV,NIKE,BASIC,SANTRO,PRANAY SETH,EAST,2019-04-07,Apr,ASM,GOALPARA,15,321134,38536.08,3082.8864,SINGLE,BUSINESS,YES,2019,4,4817010,41618.966400000005,624284.496,4192725.5039999997,Mid-Range
KLV,BULWARD,LUXURY,SANTRO,PRANAY SETH,EAST,2019-05-17,May,CHD,SECTOR 1,11,421813,29526.91,8436.26,SINGLE,JOB,YES,2019,5,4639943,37963.17,417594.87,4222348.13,Premium
KLV,BULWARD,LUXURY,SANTRO,PRANAY SETH,WEST,2019-06-14,Jun,RAJ,JAIPUR,1,304020,6080.4,121.608,SINGLE,BUSINESS,YES,2019,6,304020,6202.008,6202.008,297817.992,Mid-Range
KLV,BULWARD,BASIC,SANTRO,PRANAY SETH,EAST,2019-07-12,Jul,CHD,SECTOR 4,1,421813,29526.91,8436.26,SINGLE,BUSINESS,NO,2019,7,421813,37963.17,37963.17,383849.83,Premium
KLV,NIKE,BASIC,SANTRO,PRANAY SETH,WEST,2019-08-09,Aug,HR,KAITHAL,5,337290,39125.64,1956.282,SINGLE,BUSINESS,NO,2019,8,1686450,41081.922,205409.61,1481040.3900000001,Mid-Range
KLV,NIKE,BASIC,SANTRO,PRANAY SETH,EAST,2019-11-15,Nov,DL,DWARKA,1,312010,14352.46,1148.1968,SINGLE,JOB,YES,2019,11,312010,15500.656799999999,15500.656799999999,296509.3432,Mid-Range
KLV,AUTOCAT,LUXURY,SANTRO,PRANAY SETH,SOUTH,2019-12-11,Dec,AP,VIZAG,9,315400,37848.0,3154.0,SINGLE,SELF EMPLOYEED,YES,2019,12,2838600,41002.0,369018.0,2469582.0,Mid-Range
KLV,NIKE,SUPER,SANTRO,PRANAY SETH,WEST,2019-03-30,Mar,CHD,SECTOR 29,12,341014,23870.98,6820.28,GIFT,STUDENT,YES,2019,3,4092168,30691.26,368295.12,3723872.88,Mid-Range
KLV,BULWARD,SUPER,SANTRO,PRANAY SETH,WEST,2019-06-10,Jun,CHD,SECTOR 29,12,341014,23870.98,6820.28,SINGLE,JOB,YES,2019,6,4092168,30691.26,368295.12,3723872.88,Mid-Range
KLV,BULWARD,SUPER,SANTRO,PRANAY SETH,SOUTH,2019-07-08,Jul,ASM,DISPUR,16,231802,27816.24,2225.2992,GIFT,JOB,YES,2019,7,3708832,30041.539200000003,480664.62720000005,3228167.3728,Budget
KLV,BULWARD,EXTRA CLASS,SANTRO,PRANAY SETH,WEST,2019-09-30,Sep,AP,VIZAG,12,225400,27048.0,2254.0,SINGLE,BUSINESS,NO,2019,9,2704800,29302.0,351624.0,2353176.0,Budget
PRIMUS,BULWARD,LUXURY,ALTO,RAJAT MRIG,WEST,2019-02-22,Feb,ASM,TEZPUR,10,231802,27816.24,2225.2992,SPOUSE,BUSINESS,YES,2019,2,2318020,30041.539200000003,300415.39200000005,2017604.608,Budget
PRIMUS,NIKE,SUPER,ALTO,RAJAT MRIG,SOUTH,2019-04-05,Apr,AP,VIZAG,8,225400,27048.0,2254.0,GIFT,BUSINESS,NO,2019,4,1803200,29302.0,234416.0,1568784.0,Budget
PRIMUS,BULWARD,LUXURY,ALTO,RAJAT MRIG,SOUTH,2019-06-14,Jun,RAJ,JAIPUR,55,214020,4280.4,85.608,SINGLE,BUSINESS,YES,2019,6,11771100,4366.008,240130.44,11530969.56,Budget
PRIMUS,BULWARD,SUPER,ALTO,RAJAT MRIG,SOUTH,2019-07-12,Jul,CHD,SECTOR 4,77,341014,23870.98,6820.28,SINGLE,BUSINESS,NO,2019,7,26258078,30691.26,2363227.02,23894850.98,Mid-Range
PRIMUS,NIKE,BASIC,ALTO,RAJAT MRIG,EAST,2019-07-26,Jul,ASM,GUWATI,7,231802,27816.24,2225.2992,GIFT,BUSINESS,YES,2019,7,1622614,30041.539200000003,210290.77440000002,1412323.2256,Budget
PRIMUS,BULWARD,BASIC,ALTO,RAJAT MRIG,SOUTH,2019-08-09,Aug,HR,KAITHAL,32,296080,34345.28,1717.264,SINGLE,BUSINESS,NO,2019,8,9474560,36062.544,1154001.408,8320558.592,Mid-Range
PRIMUS,NIKE,SUPER,ALTO,RAJAT MRIG,NORTH,2019-09-22,Sep,AP,VIZAG,66,225400,27048.0,2254.0,SINGLE,BUSINESS,YES,2019,9,14876400,29302.0,1933932.0,12942468.0,Budget
PRIMUS,BULWARD,LUXURY,ALTO,RAJAT MRIG,SOUTH,2019-10-20,Oct,CHD,SECTOR 1,22,341014,23870.98,6820.28,SINGLE,BUSINESS,YES,2019,10,7502308,30691.26,675207.72,6827100.28,Mid-Range
PRIMUS,NIKE,EXTRA CLASS,ALTO,RAJAT MRIG,SOUTH,2019-12-01,Dec,PB,LUD,55,249734,27470.74,7492.02,GIFT,BUSINESS,YES,2019,12,13735370,34962.76,1922951.8,11812418.2,Budget
PRIMUS,NIKE,SUPER,ALTO,RAJAT MRIG,NORTH,2019-12-29,Dec,ASM,GUWATI,33,231802,27816.24,2225.2992,GIFT,BUSINESS,YES,2019,12,7649466,30041.539200000003,991370.7936000001,6658095.2064,Budget
PRIMUS,BULWARD,BASIC,SANTRO,RAJAT MRIG,WEST,2019-02-22,Feb,ASM,TEZPUR,23,321134,38536.08,3082.8864,SPOUSE,BUSINESS,YES,2019,2,7386082,41618.966400000005,957236.2272000001,6428845.7728,Mid-Range
PRIMUS,MITUSHI,SUPER,SANTRO,RAJAT MRIG,WEST,2019-05-01,May,PB,AMR,75,395352,43488.72,11860.56,GIFT,BUSINESS,NO,2019,5,29651400,55349.28,4151196.0,25500204.0,Mid-Range
PRIMUS,MITUSHI,BASIC,SANTRO,RAJAT MRIG,WEST,2019-09-18,Sep,RAJ,JAIPUR,8,304020,6080.4,121.608,SINGLE,BUSINESS,YES,2019,9,2432160,6202.008,49616.064,2382543.936,Mid-Range
PRIMUS,AUTOCAT,BASIC,SANTRO,RAJAT MRIG,SOUTH,2019-10-02,Oct,PB,PATIALA,6,395352,43488.72,11860.56,FAMILY,BUSINESS,NO,2019,10,2372112,55349.28,332095.68,2040016.32,Mid-Range
PRIMUS,BULWARD,SUPER,BEAT,RAJAT MRIG,NORTH EAST,2019-01-04,Jan,RAJ,JODHPUR,10,334020,6680.4,133.608,FAMILY,BUSINESS,YES,2019,1,3340200,6814.008,68140.08,3272059.92,Mid-Range
PRIMUS,BULWARD,SUPER,BEAT,RAJAT MRIG,SOUTH EAST,2019-01-11,Jan,PB,AMR,10,422047,46425.17,12661.41,SINGLE,BUSINESS,NO,2019,1,4220470,59086.58,590865.8,3629604.2,Premium
PRIMUS,BULWARD,BASIC,BEAT,RAJAT MRIG,SOUTH,2019-01-25,Jan,DL,DWARKA,66,342010,15732.46,1258.5968,SINGLE,BUSINESS,NO,2019,1,22572660,16991.0568,1121409.7488,21451250.2512,Mid-Range
PRIMUS,BULWARD,BASIC,BEAT,RAJAT MRIG,WEST,2019-02-01,Feb,CHD,SECTOR 5,33,442377,30966.39,8847.54,FAMILY,BUSINESS,YES,2019,2,14598441,39813.93,1313859.69,13284581.31,Premium
PRIMUS,BULWARD,BASIC,BEAT,RAJAT MRIG,SOUTH,2019-02-08,Feb,KTK,AJAYPURA,24,350000,24500.0,7000.0,SPOUSE,BUSINESS,NO,2019,2,8400000,31500.0,756000.0,7644000.0,Mid-Range
PRIMUS,BULWARD,BASIC,BEAT,RAJAT MRIG,NORTH,2019-03-01,Mar,RAJ,AJMER,25,334020,6680.4,133.608,SINGLE,BUSINESS,YES,2019,3,8350500,6814.008,170350.19999999998,8180149.8,Mid-Range
PRIMUS,BULWARD,SUPER,BEAT,RAJAT MRIG,SOUTH,2019-11-12,Nov,CHD,SECTOR 29,3,442377,30966.39,8847.54,SPOUSE,BUSINESS,YES,2019,11,1327131,39813.93,119441.79000000001,1207689.21,Premium
PRIMUS,BULWARD,LUXURY,BEAT,RAJAT MRIG,WEST,2019-12-03,Dec,KTK,BIDAR,1,350000,24500.0,7000.0,SINGLE,BUSINESS,YES,2019,12,350000,31500.0,31500.0,318500.0,Mid-Range
PRIMUS,NIKE,BASIC,US18,RAJAT MRIG,EAST,2019-01-28,Jan,KEA,KOLLAM,12,797700,127632.0,7977.0,FAMILY,BUSINESS,YES,2019,1,9572400,135609.0,1627308.0,7945092.0,Premium
PRIMUS,AUTOCAT,LUXURY,US18,RAJAT MRIG,EAST,2019-05-10,May,HR,KAITHAL,11,858644,99602.704,4980.1352,FAMILY,BUSINESS,YES,2019,5,9445084,104582.8392,1150411.2312,8294672.7688,Premium
PRIMUS,AUTOCAT,LUXURY,US18,RAJAT MRIG,WEST,2019-07-15,Jul,AP,VIZAG,6,795400,95448.0,7954.0,FAMILY,BUSINESS,YES,2019,7,4772400,103402.0,620412.0,4151988.0,Premium
PRIMUS,AUTOCAT,SUPER,PUNTO,RAJAT MRIG,SOUTH,2019-07-18,Jul,AP,HYDERABAD,2,345400,41448.0,3454.0,SINGLE,BUSINESS,YES,2019,7,690800,44902.0,89804.0,600996.0,Mid-Range
PRIMUS,MITUSHI,LUXURY,PUNTO,RAJAT MRIG,WEST,2019-11-21,Nov,KEA,VARKALA,7,347700,55632.0,3477.0,SINGLE,BUSINESS,NO,2019,11,2433900,59109.0,413763.0,2020137.0,Mid-Range
PRIMUS,AUTOCAT,LUXURY,MARUTI 800,RAJAT MRIG,EAST,2019-01-22,Jan,PB,PATIALA,8,316877,34856.47,9506.31,SINGLE,BUSINESS,NO,2019,1,2535016,44362.78,354902.24,2180113.76,Mid-Range
PRIMUS,MITUSHI,SUPER,MARUTI 800,RAJAT MRIG,SOUTH,2019-03-26,Mar,HR,AMBALA,5,348158,40386.328,2019.3164,FAMILY,BUSINESS,YES,2019,3,1740790,42405.644400000005,212028.222,1528761.778,Mid-Range
PRIMUS,AUTOCAT,SUPER,MARUTI 800,RAJAT MRIG,NORTH,2019-05-19,May,HR,SONIPAT,12,348158,40386.328,2019.3164,SINGLE,BUSINESS,YES,2019,5,4177896,42405.644400000005,508867.73280000006,3669028.2672,Mid-Range
PRIMUS,AUTOCAT,SUPER,MARUTI 800,RAJAT MRIG,EAST,2019-12-24,Dec,AP,HYDERABAD,65,215400,25848.0,2154.0,SINGLE,BUSINESS,NO,2019,12,14001000,28002.0,1820130.0,12180870.0,Budget
PRIMUS,AUTOCAT,LUXURY,BEATLE,RAJAT MRIG,WEST,2019-02-14,Feb,RAJ,JAIPUR,55,214020,4280.4,85.608,FAMILY,BUSINESS,YES,2019,2,11771100,4366.008,240130.44,11530969.56,Budget
PRIMUS,AUTOCAT,BASIC,BEATLE,RAJAT MRIG,NORTH,2019-07-20,Jul,HR,KAITHAL,2,296080,34345.28,1717.264,FAMILY,BUSINESS,NO,2019,7,592160,36062.544,72125.088,520034.912,Mid-Range
PRIMUS,AUTOCAT,LUXURY,BEATLE,RAJAT MRIG,EAST,2019-11-09,Nov,RAJ,BIKANER,13,214020,4280.4,85.608,GIFT,BUSINESS,YES,2019,11,2782260,4366.008,56758.104,2725501.896,Budget
PRIMUS,AUTOCAT,LUXURY,SANTRO,RAJAT MRIG,WEST,2019-01-01,Jan,RAJ,BIKANER,18,214020,4280.4,85.608,GIFT,BUSINESS,YES,2019,1,3852360,4366.008,78588.144,3773771.856,Budget
PRIMUS,AUTOCAT,LUXURY,SANTRO,RAJAT MRIG,EAST,2019-02-26,Feb,HR,AMBALA,18,296080,34345.28,1717.264,SINGLE,BUSINESS,YES,2019,2,5329440,36062.544,649125.792,4680314.208,Mid-Range
PRIMUS,NIKE,BASIC,SANTRO,RAJAT MRIG,SOUTH,2019-08-01,Aug,PB,LUD,21,249734,27470.74,7492.02,SINGLE,BUSINESS,YES,2019,8,5244414,34962.76,734217.9600000001,4510196.04,Budget
PRIMUS,BULWARD,LUXURY,HAWK,RAJAT MRIG,WEST,2019-02-20,Feb,ASM,TEZPUR,15,231802,27816.24,2225.2992,SPOUSE,BUSINESS,YES,2019,2,3477030,30041.539200000003,450623.08800000005,3026406.912,Budget
PRIMUS,BULWARD,LUXURY,HAWK,RAJAT MRIG,WEST,2019-03-27,Mar,CHD,SECTOR 1,20,341014,23870.98,6820.28,SINGLE,BUSINESS,YES,2019,3,6820280,30691.26,613825.2,6206454.8,Mid-Range
PRIMUS,BULWARD,SUPER,ALTO,RAJAT MRIG,EAST,2019-03-22,Mar,KTK,AJAYPURA,66,230000,16100.0,4600.0,SINGLE,JOB,YES,2019,3,15180000,20700.0,1366200.0,13813800.0,Budget
PRIMUS,BULWARD,SUPER,ALTO,RAJAT MRIG,WEST,2019-04-19,Apr,DL,CP,2,222010,10212.46,816.9968,SINGLE,JOB,YES,2019,4,444020,11029.4568,22058.9136,421961.08640000003,Budget
PRIMUS,BULWARD,SUPER,ALTO,RAJAT MRIG,EAST,2019-05-17,May,CHD,SECTOR 1,18,341014,23870.98,6820.28,SINGLE,JOB,YES,2019,5,6138252,30691.26,552442.6799999999,5585809.32,Mid-Range
PRIMUS,NIKE,SUPER,ALTO,RAJAT MRIG,EAST,2019-05-31,May,ASM,DISPUR,19,231802,27816.24,2225.2992,GIFT,JOB,YES,2019,5,4404238,30041.539200000003,570789.2448000001,3833448.7552,Budget
PRIMUS,BULWARD,LUXURY,ALTO,RAJAT MRIG,EAST,2019-10-06,Oct,DL,CP,66,222010,10212.46,816.9968,GIFT,JOB,YES,2019,10,14652660,11029.4568,727944.1488,13924715.8512,Budget
PRIMUS,NIKE,LUXURY,ALTO,RAJAT MRIG,NORTH,2019-11-03,Nov,ASM,GUWATI,45,231802,27816.24,2225.2992,GIFT,JOB,YES,2019,11,10431090,30041.539200000003,1351869.2640000002,9079220.736,Budget
PRIMUS,NIKE,EXTRA CLASS,ALTO,RAJAT MRIG,WEST,2019-11-17,Nov,RAJ,AJMER,64,214020,4280.4,85.608,SINGLE,JOB,YES,2019,11,13697280,4366.008,279424.512,13417855.488,Budget
PRIMUS,NIKE,SUPER,ALTO,RAJAT MRIG,WEST,2019-12-15,Dec,CHD,SECTOR 4,66,341014,23870.98,6820.28,SINGLE,JOB,NO,2019,12,22506924,30691.26,2025623.16,20481300.84,Mid-Range
PRIMUS,AUTOCAT,BASIC,SANTRO,RAJAT MRIG,EAST,2019-03-22,Mar,KTK,AJAYPURA,22,320000,22400.0,6400.0,SINGLE,JOB,YES,2019,3,7040000,28800.0,633600.0,6406400.0,Mid-Range
PRIMUS,AUTOCAT,LUXURY,SANTRO,RAJAT MRIG,WEST,2019-04-19,Apr,DL,CP,2,312010,14352.46,1148.1968,SINGLE,JOB,YES,2019,4,624020,15500.656799999999,31001.313599999998,593018.6864,Mid-Range
PRIMUS,AUTOCAT,SUPER,SANTRO,RAJAT MRIG,WEST,2019-05-29,May,AP,AMARVATI,33,315400,37848.0,3154.0,GIFT,JOB,YES,2019,5,10408200,41002.0,1353066.0,9055134.0,Mid-Range
PRIMUS,AUTOCAT,LUXURY,SANTRO,RAJAT MRIG,WEST,2019-06-26,Jun,HR,SONIPAT,1,337290,39125.64,1956.282,GIFT,JOB,YES,2019,6,337290,41081.922,41081.922,296208.078,Mid-Range
PRIMUS,AUTOCAT,BASIC,SANTRO,RAJAT MRIG,NORTH,2019-09-04,Sep,KEA,VARKALA,66,317700,50832.0,3177.0,FAMILY,JOB,NO,2019,9,20968200,54009.0,3564594.0,17403606.0,Mid-Range
PRIMUS,BULWARD,SUPER,BEAT,RAJAT MRIG,EAST,2019-01-18,Jan,RAJ,BIKANER,66,334020,6680.4,133.608,SINGLE,JOB,YES,2019,1,22045320,6814.008,449724.528,21595595.472,Mid-Range
PRIMUS,BULWARD,BASIC,BEAT,RAJAT MRIG,WEST,2019-02-22,Feb,DL,DWARKA,25,342010,15732.46,1258.5968,SINGLE,JOB,NO,2019,2,8550250,16991.0568,424776.42,8125473.58,Mid-Range
PRIMUS,BULWARD,LUXURY,BEAT,RAJAT MRIG,NORTH,2019-11-26,Nov,RAJ,JODHPUR,2,334020,6680.4,133.608,SINGLE,JOB,YES,2019,11,668040,6814.008,13628.016,654411.984,Mid-Range
PRIMUS,NIKE,BASIC,US18,RAJAT MRIG,SOUTH,2019-01-07,Jan,RAJ,JODHPUR,4,784020,15680.4,313.608,FAMILY,JOB,NO,2019,1,3136080,15994.008,63976.032,3072103.968,Premium
PRIMUS,NIKE,EXTRA CLASS,US18,RAJAT MRIG,WEST,2019-04-22,Apr,RAJ,JAIPUR,1,784020,15680.4,313.608,FAMILY,JOB,YES,2019,4,784020,15994.008,15994.008,768025.992,Premium
PRIMUS,AUTOCAT,LUXURY,US18,RAJAT MRIG,EAST,2019-09-23,Sep,PB,LUD,3,810553,89160.83,24316.59,GIFT,JOB,YES,2019,9,2431659,113477.42,340432.26,2091226.74,Premium
PRIMUS,AUTOCAT,BASIC,US18,RAJAT MRIG,WEST,2019-12-02,Dec,RAJ,JODHPUR,15,784020,15680.4,313.608,SINGLE,JOB,YES,2019,12,11760300,15994.008,239910.12,11520389.88,Premium
PRIMUS,AUTOCAT,SUPER,PUNTO,RAJAT MRIG,EAST,2019-02-18,Feb,KTK,AJAYPURA,13,350000,24500.0,7000.0,SINGLE,JOB,YES,2019,2,4550000,31500.0,409500.0,4140500.0,Mid-Range
PRIMUS,MITUSHI,LUXURY,MARUTI 800,RAJAT MRIG,EAST,2019-03-05,Mar,KEA,KOLLAM,6,217700,34832.0,2177.0,SINGLE,JOB,YES,2019,3,1306200,37009.0,222054.0,1084146.0,Budget
PRIMUS,AUTOCAT,SUPER,MARUTI 800,RAJAT MRIG,EAST,2019-11-26,Nov,KTK,UDUPAI,3,220000,15400.0,4400.0,GIFT,JOB,YES,2019,11,660000,19800.0,59400.0,600600.0,Budget
PRIMUS,AUTOCAT,LUXURY,BEATLE,RAJAT MRIG,EAST,2019-04-11,Apr,RAJ,AJMER,5,214020,4280.4,85.608,FAMILY,JOB,YES,2019,4,1070100,4366.008,21830.04,1048269.96,Budget
PRIMUS,AUTOCAT,BASIC,BEATLE,RAJAT MRIG,EAST,2019-08-17,Aug,KTK,UDUPAI,15,230000,16100.0,4600.0,SINGLE,JOB,NO,2019,8,3450000,20700.0,310500.0,3139500.0,Budget
PRIMUS,AUTOCAT,BASIC,BEATLE,RAJAT MRIG,SOUTH,2019-09-14,Sep,AP,AMARVATI,14,225400,27048.0,2254.0,FAMILY,JOB,YES,2019,9,3155600,29302.0,410228.0,2745372.0,Budget
PRIMUS,AUTOCAT,BASIC,BEATLE,RAJAT MRIG,NORTH,2019-10-12,Oct,PB,PATIALA,10,249734,27470.74,7492.02,SINGLE,JOB,NO,2019,10,2497340,34962.76,349627.60000000003,2147712.4,Budget
PRIMUS,AUTOCAT,LUXURY,BEATLE,RAJAT MRIG,SOUTH,2019-12-07,Dec,KEA,KOCHI,10,227700,36432.0,2277.0,SINGLE,JOB,NO,2019,12,2277000,38709.0,387090.0,1889910.0,Budget
PRIMUS,NIKE,LUXURY,SANTRO,RAJAT MRIG,WEST,2019-08-29,Aug,RAJ,JODHPUR,12,214020,4280.4,85.608,FAMILY,JOB,YES,2019,8,2568240,4366.008,52392.096,2515847.904,Budget
PRIMUS,NIKE,LUXURY,HAWK,RAJAT MRIG,WEST,2019-01-16,Jan,RAJ,JODHPUR,13,214020,4280.4,85.608,FAMILY,JOB,YES,2019,1,2782260,4366.008,56758.104,2725501.896,Budget
PRIMUS,AUTOCAT,SUPER,HAWK,RAJAT MRIG,WEST,2019-06-23,Jun,AP,VIZAG,15,225400,27048.0,2254.0,SINGLE,JOB,YES,2019,6,3381000,29302.0,439530.0,2941470.0,Budget
PRIMUS,AUTOCAT,BASIC,SANTRO,RAJAT MRIG,NORTH,2019-03-08,Mar,RAJ,BIKANER,54,304020,6080.4,121.608,FAMILY,STUDENT,NO,2019,3,16417080,6202.008,334908.432,16082171.568,Mid-Range
PRIMUS,AUTOCAT,BASIC,SANTRO,RAJAT MRIG,EAST,2019-10-30,Oct,KEA,KOLLAM,42,317700,50832.0,3177.0,FAMILY,STUDENT,NO,2019,10,13343400,54009.0,2268378.0,11075022.0,Mid-Range
PRIMUS,BULWARD,BASIC,BEAT,RAJAT MRIG,EAST,2019-02-15,Feb,AP,VIZAG,53,345400,41448.0,3454.0,SINGLE,STUDENT,YES,2019,2,18306200,44902.0,2379806.0,15926394.0,Mid-Range
PRIMUS,BULWARD,BASIC,BEAT,RAJAT MRIG,WEST,2019-11-19,Nov,ASM,DISPUR,3,351676,42201.12,3376.0896,SINGLE,STUDENT,YES,2019,11,1055028,45577.2096,136731.6288,918296.3711999999,Mid-Range
PRIMUS,AUTOCAT,BASIC,US18,RAJAT MRIG,SOUTH,2019-04-01,Apr,ASM,GUWATI,12,801379,96165.48,7693.2384,FAMILY,STUDENT,YES,2019,4,9616548,103858.7184,1246304.6208,8370243.3792,Premium
PRIMUS,AUTOCAT,LUXURY,US18,RAJAT MRIG,SOUTH,2019-08-19,Aug,PB,PATIALA,9,810553,89160.83,24316.59,SINGLE,STUDENT,YES,2019,8,7294977,113477.42,1021296.78,6273680.22,Premium
PRIMUS,NIKE,LUXURY,PUNTO,RAJAT MRIG,EAST,2019-08-29,Aug,PB,PATIALA,2,446565,49122.15,13396.95,GIFT,STUDENT,NO,2019,8,893130,62519.100000000006,125038.20000000001,768091.8,Premium
PRIMUS,AUTOCAT,LUXURY,BEATLE,RAJAT MRIG,SOUTH,2019-03-14,Mar,KEA,KOLLAM,12,227700,36432.0,2277.0,SPOUSE,STUDENT,YES,2019,3,2732400,38709.0,464508.0,2267892.0,Budget
PRIMUS,AUTOCAT,BASIC,SANTRO,RAJAT MRIG,SOUTH,2019-03-26,Mar,KTK,BIDAR,17,230000,16100.0,4600.0,FAMILY,STUDENT,YES,2019,3,3910000,20700.0,351900.0,3558100.0,Budget
PRIMUS,NIKE,LUXURY,ALTO,RAJAT MRIG,SOUTH,2019-02-08,Feb,CHD,SECTOR 5,18,341014,23870.98,6820.28,FAMILY,SELF EMPLOYEED,NO,2019,2,6138252,30691.26,552442.6799999999,5585809.32,Mid-Range
PRIMUS,NIKE,BASIC,ALTO,RAJAT MRIG,WEST,2019-08-31,Aug,DL,DWARKA,66,222010,10212.46,816.9968,FAMILY,SELF EMPLOYEED,YES,2019,8,14652660,11029.4568,727944.1488,13924715.8512,Budget
PRIMUS,BULWARD,SUPER,BEAT,RAJAT MRIG,WEST,2019-11-05,Nov,PB,PATIALA,44,422047,46425.17,12661.41,FAMILY,SELF EMPLOYEED,YES,2019,11,18570068,59086.58,2599809.52,15970258.48,Premium
PRIMUS,NIKE,BASIC,US18,RAJAT MRIG,SOUTH,2019-02-18,Feb,RAJ,JODHPUR,12,784020,15680.4,313.608,FAMILY,SELF EMPLOYEED,NO,2019,2,9408240,15994.008,191928.096,9216311.904,Premium
PRIMUS,MITUSHI,LUXURY,MARUTI 800,RAJAT MRIG,SOUTH,2019-01-01,Jan,RAJ,JAIPUR,13,204020,4080.4,81.608,FAMILY,SELF EMPLOYEED,YES,2019,1,2652260,4162.008,54106.104,2598153.896,Budget
PRIMUS,AUTOCAT,BASIC,BEATLE,RAJAT MRIG,WEST,2019-06-06,Jun,KTK,BIDAR,2,230000,16100.0,4600.0,FAMILY,SELF EMPLOYEED,NO,2019,6,460000,20700.0,41400.0,418600.0,Budget
KLV,NIKE,LUXURY,ALTO,RAJAT MRIG,NORTH,2019-01-11,Jan,RAJ,JAIPUR,18,214020,4280.4,85.608,FAMILY,JOB,NO,2019,1,3852360,4366.008,78588.144,3773771.856,Budget
KLV,BULWARD,LUXURY,ALTO,RAJAT MRIG,EAST,2019-01-25,Jan,PB,LUDHIYANA,19,249734,27470.74,7492.02,SPOUSE,BUSINESS,YES,2019,1,4744946,34962.76,664292.4400000001,4080653.56,Budget
KLV,NIKE,LUXURY,ALTO,RAJAT MRIG,NORTH,2019-03-08,Mar,RAJ,BIKANER,33,214020,4280.4,85.608,FAMILY,STUDENT,NO,2019,3,7062660,4366.008,144078.264,6918581.736,Budget
KLV,NIKE,SUPER,ALTO,RAJAT MRIG,NORTH,2019-05-03,May,HR,SONIPAT,11,296080,34345.28,1717.264,GIFT,BUSINESS,YES,2019,5,3256880,36062.544,396687.984,2860192.016,Mid-Range
KLV,NIKE,LUXURY,ALTO,RAJAT MRIG,WEST,2019-06-28,Jun,DL,CP,12,222010,10212.46,816.9968,GIFT,JOB,YES,2019,6,2664120,11029.4568,132353.4816,2531766.5184,Budget
KLV,MITUSHI,BASIC,ALTO,RAJAT MRIG,SOUTH,2019-02-08,Feb,CHD,SECTOR 5,55,421813,29526.91,8436.26,FAMILY,SELF EMPLOYEED,NO,2019,2,23199715,37963.17,2087974.3499999999,21111740.65,Premium
KLV,MITUSHI,EXTRA CLASS,ALTO,RAJAT MRIG,WEST,2019-07-24,Jul,AP,HYDERABAD,55,315400,37848.0,3154.0,GIFT,JOB,YES,2019,7,17347000,41002.0,2255110.0,15091890.0,Mid-Range
KLV,NIKE,BASIC,US18,RAJAT MRIG,EAST,2019-03-11,Mar,CHD,SECTOR 1,8,812117,56848.19,16242.34,FAMILY,BUSINESS,YES,2019,3,6496936,73090.53,584724.24,5912211.76,Premium
KLV,NIKE,SUPER,PUNTO,RAJAT MRIG,WEST,2019-06-06,Jun,KTK,BGLORE,2,350000,24500.0,7000.0,FAMILY,BUSINESS,NO,2019,6,700000,31500.0,63000.0,637000.0,Mid-Range
KLV,BULWARD,LUXURY,PUNTO,RAJAT MRIG,SOUTH,2019-10-10,Oct,PB,PATIALA,14,446565,49122.15,13396.95,SINGLE,JOB,YES,2019,10,6251910,62519.100000000006,875267.4000000001,5376642.6,Premium
KLV,AUTOCAT,LUXURY,MARUTI 800,RAJAT MRIG,SOUTH,2019-02-12,Feb,PB,PATIALA,9,316877,34856.47,9506.31,FAMILY,STUDENT,YES,2019,2,2851893,44362.78,399265.02,2452627.98,Mid-Range
KLV,AUTOCAT,SUPER,MARUTI 800,RAJAT MRIG,WEST,2019-04-28,Apr,DL,CP,9,212010,9752.46,780.1968,SINGLE,JOB,YES,2019,4,1908090,10532.656799999999,94793.91119999999,1813296.0888,Budget
KLV,AUTOCAT,LUXURY,BEATLE,RAJAT MRIG,SOUTH,2019-01-17,Jan,PB,LUDHIYANA,14,249734,27470.74,7492.02,GIFT,BUSINESS,YES,2019,1,3496276,34962.76,489478.64,3006797.36,Budget
KLV,AUTOCAT,LUXURY,BEATLE,RAJAT MRIG,SOUTH,2019-05-09,May,HR,KAITHAL,2,296080,34345.28,1717.264,SPOUSE,BUSINESS,YES,2019,5,592160,36062.544,72125.088,520034.912,Mid-Range
KLV,BULWARD,SUPER,HAWK,RAJAT MRIG,WEST,2019-09-29,Sep,HR,PANIPAT,11,296080,34345.28,1717.264,SINGLE,BUSINESS,NO,2019,9,3256880,36062.544,396687.984,2860192.016,Mid-Range
KLV,BULWARD,SUPER,HAWK,RAJAT MRIG,NORTH,2019-11-17,Nov,KTK,AJAYPURA,21,230000,16100.0,4600.0,SINGLE,JOB,YES,2019,11,4830000,20700.0,434700.0,4395300.0,Budget
TESS,AUTOCAT,LUXURY,US18,RAJAT MRIG,SOUTH,2019-06-10,Jun,KTK,AJAYPURA,7,800000,56000.0,16000.0,FAMILY,SELF EMPLOYEED,YES,2019,6,5600000,72000.0,504000.0,5096000.0,Premium
TESS,AUTOCAT,BASIC,US18,RAJAT MRIG,SOUTH,2019-10-28,Oct,KEA,KOLLAM,13,797700,127632.0,7977.0,SINGLE,BUSINESS,NO,2019,10,10370100,135609.0,1762917.0,8607183.0,Premium
ELECTRA,AUTOCAT,LUXURY,PUNTO,RAJAT MRIG,SOUTH,2019-01-07,Jan,HR,SONIPAT,14,397405,46098.98,2304.949,FAMILY,BUSINESS,NO,2019,1,5563670,48403.929000000004,677655.006,4886014.994,Mid-Range
TESS,AUTOCAT,SUPER,PUNTO,RAJAT MRIG,SOUTH,2019-04-01,Apr,AP,HYDERABAD,2,345400,41448.0,3454.0,FAMILY,JOB,NO,2019,4,690800,44902.0,89804.0,600996.0,Mid-Range
ELECTRA,BULWARD,SUPER,HAWK,RAJAT MRIG,NORTH,2019-05-13,May,KEA,KOCHI,21,227700,36432.0,2277.0,FAMILY,JOB,NO,2019,5,4781700,38709.0,812889.0,3968811.0,Budget
TESS,NIKE,SUPER,HAWK,RAJAT MRIG,SOUTH,2019-08-11,Aug,KEA,KOCHI,12,227700,36432.0,2277.0,GIFT,JOB,YES,2019,8,2732400,38709.0,464508.0,2267892.0,Budget
TESS,NIKE,SUPER,SANTRO,RAJAT MRIG,SOUTH,2019-05-15,May,KTK,AJAYPURA,23,320000,22400.0,6400.0,SINGLE,STUDENT,YES,2019,5,7360000,28800.0,662400.0,6697600.0,Mid-Range
TESS,NIKE,LUXURY,SANTRO,RAJAT MRIG,SOUTH,2019-07-10,Jul,KTK,BGLORE,33,320000,22400.0,6400.0,SINGLE,BUSINESS,YES,2019,7,10560000,28800.0,950400.0,9609600.0,Mid-Range
ELECTRA,AUTOCAT,BASIC,SANTRO,RAJAT MRIG,WEST,2019-10-16,Oct,PB,PATIALA,54,395352,43488.72,11860.56,SINGLE,BUSINESS,YES,2019,10,21349008,55349.28,2988861.12,18360146.88,Mid-Range
TESS,AUTOCAT,BASIC,SANTRO,RAJAT MRIG,SOUTH,2019-11-13,Nov,HR,AMBALA,45,337290,39125.64,1956.282,SINGLE,JOB,YES,2019,11,15178050,41081.922,1848686.49,13329363.51,Mid-Range
ELECTRA,AUTOCAT,LUXURY,SANTRO,RAJAT MRIG,NORTH,2019-01-29,Jan,PB,AMR,16,249734,27470.74,7492.02,SINGLE,BUSINESS,YES,2019,1,3995744,34962.76,559404.16,3436339.84,Budget
KLV,NIKE,SUPER,SANTRO,RAJAT MRIG,NORTH,2019-01-11,Jan,RAJ,JAIPUR,44,304020,6080.4,121.608,FAMILY,JOB,NO,2019,1,13376880,6202.008,272888.352,13103991.648,Mid-Range
KLV,BULWARD,BASIC,SANTRO,RAJAT MRIG,EAST,2019-01-25,Jan,PB,LUDHIYANA,33,395352,43488.72,11860.56,SPOUSE,BUSINESS,YES,2019,1,13046616,55349.28,1826526.24,11220089.76,Mid-Range
KLV,AUTOCAT,BASIC,SANTRO,RAJAT MRIG,SOUTH,2019-04-05,Apr,AP,VIZAG,45,315400,37848.0,3154.0,GIFT,BUSINESS,NO,2019,4,14193000,41002.0,1845090.0,12347910.0,Mid-Range
KLV,NIKE,SUPER,SANTRO,RAJAT MRIG,NORTH,2019-06-12,Jun,DL,DWARKA,0,312010,14352.46,1148.1968,SINGLE,BUSINESS,YES,2019,6,0,15500.656799999999,0.0,0.0,Mid-Range
KLV,AUTOCAT,LUXURY,SANTRO,RAJAT MRIG,NORTH,2019-08-07,Aug,PB,PATIALA,25,395352,43488.72,11860.56,SINGLE,JOB,NO,2019,8,9883800,55349.28,1383732.0,8500068.0,Mid-Range
KLV,MITUSHI,LUXURY,SANTRO,RAJAT MRIG,WEST,2019-08-21,Aug,PB,PATIALA,66,395352,43488.72,11860.56,SINGLE,BUSINESS,YES,2019,8,26093232,55349.28,3653052.48,22440179.52,Mid-Range
KLV,BULWARD,SUPER,SANTRO,RAJAT MRIG,WEST,2019-12-09,Dec,KEA,KOLLAM,55,317700,50832.0,3177.0,SINGLE,BUSINESS,YES,2019,12,17473500,54009.0,2970495.0,14503005.0,Mid-Range
KLV,NIKE,BASIC,SANTRO,RAJAT MRIG,WEST,2019-05-09,May,HR,AMBALA,17,296080,34345.28,1717.264,FAMILY,BUSINESS,NO,2019,5,5033360,36062.544,613063.248,4420296.752,Mid-Range
KLV,NIKE,BASIC,SANTRO,RAJAT MRIG,NORTH,2019-06-06,Jun,KTK,UDUPAI,22,230000,16100.0,4600.0,SINGLE,STUDENT,YES,2019,6,5060000,20700.0,455400.0,4604600.0,Budget
KLV,NIKE,BASIC,SANTRO,RAJAT MRIG,WEST,2019-07-04,Jul,AP,TENALI,13,345400,41448.0,3454.0,FAMILY,JOB,YES,2019,7,4490200,44902.0,583726.0,3906474.0,Mid-Range
KLV,NIKE,LUXURY,SANTRO,RAJAT MRIG,NORTH,2019-09-26,Sep,KEA,KOLLAM,19,227700,36432.0,2277.0,SINGLE,BUSINESS,YES,2019,9,4326300,38709.0,735471.0,3590829.0,Budget
PRIMUS,AUTOCAT,SUPER,ALTO,RANJIT SINGH,EAST,2018-01-17,Jan,ASM,GUWATI,3,231802,27816.24,2225.2992,FAMILY,BUSINESS,NO,2018,1,695406,30041.539200000003,90124.61760000001,605281.3824,Budget
PRIMUS,NIKE,BASIC,ALTO,RANJIT SINGH,SOUTH,2019-03-28,Mar,HR,PANIPAT,5,296080,34345.28,1717.264,FAMILY,BUSINESS,YES,2019,3,1480400,36062.544,180312.72,1300087.28,Mid-Range
PRIMUS,AUTOCAT,BASIC,ALTO,RANJIT SINGH,EAST,2019-05-09,May,KEA,KOCHI,4,227700,36432.0,2277.0,SPOUSE,BUSINESS,YES,2019,5,910800,38709.0,154836.0,755964.0,Budget
PRIMUS,AUTOCAT,LUXURY,ALTO,RANJIT SINGH,SOUTH,2019-06-06,Jun,CHD,SECTOR 29,4,341014,23870.98,6820.28,SINGLE,BUSINESS,YES,2019,6,1364056,30691.26,122765.04,1241290.96,Mid-Range
PRIMUS,NIKE,EXTRA CLASS,ALTO,RANJIT SINGH,WEST,2019-07-18,Jul,DL,DWARKA,2,222010,10212.46,816.9968,FAMILY,BUSINESS,NO,2019,7,444020,11029.4568,22058.9136,421961.08640000003,Budget
PRIMUS,BULWARD,BASIC,ALTO,RANJIT SINGH,SOUTH,2019-09-14,Sep,HR,PANIPAT,5,296080,34345.28,1717.264,SPOUSE,BUSINESS,YES,2019,9,1480400,36062.544,180312.72,1300087.28,Mid-Range
PRIMUS,NIKE,SUPER,ALTO,RANJIT SINGH,NORTH,2019-10-26,Oct,DL,DWARKA,4,222010,10212.46,816.9968,FAMILY,BUSINESS,NO,2019,10,888040,11029.4568,44117.8272,843922.1728000001,Budget
PRIMUS,NIKE,LUXURY,ALTO,RANJIT SINGH,SOUTH,2019-11-23,Nov,ASM,GUWATI,4,231802,27816.24,2225.2992,FAMILY,BUSINESS,NO,2019,11,927208,30041.539200000003,120166.15680000001,807041.8432,Budget
PRIMUS,AUTOCAT,SUPER,SANTRO,RANJIT SINGH,NORTH EAST,2019-01-17,Jan,ASM,GUWATI,10,321134,38536.08,3082.8864,FAMILY,BUSINESS,NO,2019,1,3211340,41618.966400000005,416189.66400000005,2795150.336,Mid-Range
PRIMUS,MITUSHI,BASIC,SANTRO,RANJIT SINGH,NORTH,2019-10-22,Oct,PB,PATIALA,3,395352,43488.72,11860.56,SINGLE,BUSINESS,YES,2019,10,1186056,55349.28,166047.84,1020008.16,Mid-Range
PRIMUS,MITUSHI,BASIC,SANTRO,RANJIT SINGH,SOUTH,2019-11-05,Nov,PB,AMR,4,395352,43488.72,11860.56,GIFT,BUSINESS,YES,2019,11,1581408,55349.28,221397.12,1360010.88,Mid-Range
PRIMUS,BULWARD,BASIC,BEAT,RANJIT SINGH,WEST,2019-01-07,Jan,ASM,GUWATI,10,351676,42201.12,3376.0896,GIFT,BUSINESS,YES,2019,1,3516760,45577.2096,455772.096,3060987.904,Mid-Range
PRIMUS,BULWARD,EXTRA CLASS,BEAT,RANJIT SINGH,WEST,2019-01-28,Jan,AP,TIRUPATI,4,345400,41448.0,3454.0,SINGLE,BUSINESS,YES,2019,1,1381600,44902.0,179608.0,1201992.0,Mid-Range
PRIMUS,BULWARD,EXTRA CLASS,BEAT,RANJIT SINGH,EAST,2019-02-11,Feb,HR,KAITHAL,3,427389,49577.124,2478.8562,FAMILY,BUSINESS,YES,2019,2,1282167,52055.980200000005,156167.94060000003,1125999.0594,Premium
PRIMUS,BULWARD,EXTRA CLASS,BEAT,RANJIT SINGH,SOUTH,2019-02-18,Feb,KTK,AJAYPURA,4,350000,24500.0,7000.0,SINGLE,BUSINESS,YES,2019,2,1400000,31500.0,126000.0,1274000.0,Mid-Range
PRIMUS,BULWARD,EXTRA CLASS,BEAT,RANJIT SINGH,NORTH,2019-02-25,Feb,CHD,SECTOR 5,2,442377,30966.39,8847.54,FAMILY,BUSINESS,YES,2019,2,884754,39813.93,79627.86,805126.14,Premium
PRIMUS,BULWARD,SUPER,BEAT,RANJIT SINGH,WEST,2019-11-15,Nov,DL,BADALPUR,3,342010,15732.46,1258.5968,FAMILY,BUSINESS,NO,2019,11,1026030,16991.0568,50973.170399999995,975056.8296,Mid-Range
PRIMUS,BULWARD,LUXURY,BEAT,RANJIT SINGH,EAST,2019-11-29,Nov,ASM,DISPUR,5,351676,42201.12,3376.0896,FAMILY,BUSINESS,NO,2019,11,1758380,45577.2096,227886.048,1530493.952,Mid-Range
PRIMUS,AUTOCAT,BASIC,US18,RANJIT SINGH,EAST,2019-01-16,Jan,PB,PATIALA,2,810553,89160.83,24316.59,SINGLE,BUSINESS,YES,2019,1,1621106,113477.42,226954.84,1394151.16,Premium
PRIMUS,MITUSHI,SUPER,US18,RANJIT SINGH,EAST,2019-04-28,Apr,AP,VIZAG,4,795400,95448.0,7954.0,FAMILY,BUSINESS,NO,2019,4,3181600,103402.0,413608.0,2767992.0,Premium
PRIMUS,AUTOCAT,SUPER,US18,RANJIT SINGH,SOUTH,2019-07-30,Jul,KTK,AJAYPURA,3,800000,56000.0,16000.0,FAMILY,BUSINESS,YES,2019,7,2400000,72000.0,216000.0,2184000.0,Premium
PRIMUS,AUTOCAT,EXTRA CLASS,US18,RANJIT SINGH,SOUTH,2019-10-08,Oct,PB,AMR,4,810553,89160.83,24316.59,SPOUSE,BUSINESS,YES,2019,10,3242212,113477.42,453909.68,2788302.32,Premium
PRIMUS,MITUSHI,BASIC,PUNTO,RANJIT SINGH,EAST,2019-01-25,Jan,KEA,KOLLAM,5,347700,55632.0,3477.0,GIFT,BUSINESS,YES,2019,1,1738500,59109.0,295545.0,1442955.0,Mid-Range
PRIMUS,AUTOCAT,SUPER,PUNTO,RANJIT SINGH,WEST,2019-05-13,May,KEA,KOVALAM,4,347700,55632.0,3477.0,SINGLE,BUSINESS,YES,2019,5,1390800,59109.0,236436.0,1154364.0,Mid-Range
PRIMUS,AUTOCAT,SUPER,PUNTO,RANJIT SINGH,EAST,2019-08-05,Aug,KTK,BGLORE,5,350000,24500.0,7000.0,FAMILY,BUSINESS,YES,2019,8,1750000,31500.0,157500.0,1592500.0,Mid-Range
PRIMUS,NIKE,SUPER,PUNTO,RANJIT SINGH,WEST,2019-10-28,Oct,PB,LUD,2,446565,49122.15,13396.95,FAMILY,BUSINESS,YES,2019,10,893130,62519.100000000006,125038.20000000001,768091.8,Premium
PRIMUS,BULWARD,BASIC,MARUTI 800,RANJIT SINGH,SOUTH,2019-03-14,Mar,PB,AMR,5,316877,34856.47,9506.31,SINGLE,BUSINESS,YES,2019,3,1584385,44362.78,221813.9,1362571.1,Mid-Range
PRIMUS,MITUSHI,SUPER,BEATLE,RANJIT SINGH,SOUTH,2019-01-01,Jan,KTK,AJAYPURA,4,230000,16100.0,4600.0,FAMILY,BUSINESS,YES,2019,1,920000,20700.0,82800.0,837200.0,Budget
PRIMUS,MITUSHI,SUPER,BEATLE,RANJIT SINGH,SOUTH,2019-02-26,Feb,PB,AMR,5,249734,27470.74,7492.02,FAMILY,BUSINESS,YES,2019,2,1248670,34962.76,174813.80000000002,1073856.2,Budget
PRIMUS,MITUSHI,SUPER,BEATLE,RANJIT SINGH,EAST,2019-03-26,Mar,CHD,SECTOR 5,4,341014,23870.98,6820.28,SINGLE,BUSINESS,NO,2019,3,1364056,30691.26,122765.04,1241290.96,Mid-Range
PRIMUS,MITUSHI,SUPER,BEATLE,RANJIT SINGH,SOUTH,2019-04-23,Apr,ASM,DHUBRI,2,231802,27816.24,2225.2992,FAMILY,BUSINESS,YES,2019,4,463604,30041.539200000003,60083.078400000006,403520.9216,Budget
PRIMUS,AUTOCAT,BASIC,BEATLE,RANJIT SINGH,SOUTH,2019-07-04,Jul,AP,TIRUPATI,5,225400,27048.0,2254.0,SINGLE,BUSINESS,NO,2019,7,1127000,29302.0,146510.0,980490.0,Budget
PRIMUS,AUTOCAT,SUPER,BEATLE,RANJIT SINGH,EAST,2019-10-24,Oct,RAJ,AJMER,2,214020,4280.4,85.608,FAMILY,BUSINESS,YES,2019,10,428040,4366.008,8732.016,419307.984,Budget
PRIMUS,AUTOCAT,SUPER,SANTRO,RANJIT SINGH,NORTH,2019-01-13,Jan,ASM,DIPHU,4,231802,27816.24,2225.2992,SPOUSE,BUSINESS,NO,2019,1,927208,30041.539200000003,120166.15680000001,807041.8432,Budget
PRIMUS,AUTOCAT,EXTRA CLASS,SANTRO,RANJIT SINGH,WEST,2019-04-07,Apr,HR,AMBALA,2,296080,34345.28,1717.264,SINGLE,BUSINESS,YES,2019,4,592160,36062.544,72125.088,520034.912,Mid-Range
PRIMUS,AUTOCAT,BASIC,SANTRO,RANJIT SINGH,NORTH,2019-05-21,May,KEA,KOVALAM,5,227700,36432.0,2277.0,FAMILY,BUSINESS,YES,2019,5,1138500,38709.0,193545.0,944955.0,Budget
PRIMUS,AUTOCAT,SUPER,ALTO,RANJIT SINGH,WEST,2019-02-14,Feb,DL,BADALPUR,4,222010,10212.46,816.9968,FAMILY,JOB,YES,2019,2,888040,11029.4568,44117.8272,843922.1728000001,Budget
PRIMUS,NIKE,BASIC,ALTO,RANJIT SINGH,SOUTH,2019-05-23,May,DL,CP,4,222010,10212.46,816.9968,FAMILY,JOB,NO,2019,5,888040,11029.4568,44117.8272,843922.1728000001,Budget
PRIMUS,AUTOCAT,LUXURY,ALTO,RANJIT SINGH,SOUTH,2019-07-04,Jul,AP,VIZAG,2,225400,27048.0,2254.0,SPOUSE,JOB,YES,2019,7,450800,29302.0,58604.0,392196.0,Budget
PRIMUS,AUTOCAT,EXTRA CLASS,ALTO,RANJIT SINGH,SOUTH,2019-08-01,Aug,CHD,SECTOR 4,3,341014,23870.98,6820.28,SPOUSE,JOB,YES,2019,8,1023042,30691.26,92073.78,930968.22,Mid-Range
PRIMUS,BULWARD,BASIC,ALTO,RANJIT SINGH,SOUTH,2019-09-06,Sep,AP,AMARVATI,3,225400,27048.0,2254.0,FAMILY,JOB,YES,2019,9,676200,29302.0,87906.0,588294.0,Budget
PRIMUS,NIKE,SUPER,ALTO,RANJIT SINGH,EAST,2019-11-09,Nov,CHD,SECTOR 5,3,341014,23870.98,6820.28,SPOUSE,JOB,YES,2019,11,1023042,30691.26,92073.78,930968.22,Mid-Range
PRIMUS,NIKE,BASIC,ALTO,RANJIT SINGH,NORTH,2019-12-21,Dec,DL,DWARKA,2,222010,10212.46,816.9968,FAMILY,JOB,NO,2019,12,444020,11029.4568,22058.9136,421961.08640000003,Budget
PRIMUS,AUTOCAT,BASIC,SANTRO,RANJIT SINGH,WEST,2019-02-14,Feb,DL,BADALPUR,3,312010,14352.46,1148.1968,FAMILY,JOB,YES,2019,2,936030,15500.656799999999,46501.9704,889528.0296,Mid-Range
PRIMUS,NIKE,BASIC,SANTRO,RANJIT SINGH,WEST,2019-04-23,Apr,KEA,KOLLAM,5,317700,50832.0,3177.0,FAMILY,JOB,YES,2019,4,1588500,54009.0,270045.0,1318455.0,Mid-Range
PRIMUS,NIKE,LUXURY,SANTRO,RANJIT SINGH,SOUTH,2019-07-02,Jul,KEA,KOVALAM,5,317700,50832.0,3177.0,SPOUSE,JOB,YES,2019,7,1588500,54009.0,270045.0,1318455.0,Mid-Range
PRIMUS,BULWARD,LUXURY,SANTRO,RANJIT SINGH,NORTH,2019-08-27,Aug,PB,LUD,5,395352,43488.72,11860.56,SINGLE,JOB,YES,2019,8,1976760,55349.28,276746.4,1700013.6,Mid-Range
PRIMUS,MITUSHI,BASIC,SANTRO,RANJIT SINGH,EAST,2019-09-10,Sep,CHD,SECTOR 4,2,421813,29526.91,8436.26,GIFT,JOB,YES,2019,9,843626,37963.17,75926.34,767699.66,Premium
PRIMUS,MITUSHI,BASIC,SANTRO,RANJIT SINGH,WEST,2019-10-08,Oct,RAJ,BIDAR,3,304020,6080.4,121.608,GIFT,JOB,YES,2019,10,912060,6202.008,18606.023999999998,893453.976,Mid-Range
PRIMUS,BULWARD,BASIC,BEAT,RANJIT SINGH,EAST,2019-01-14,Jan,RAJ,BIKANER,3,334020,6680.4,133.608,SINGLE,JOB,NO,2019,1,1002060,6814.008,20442.023999999998,981617.976,Mid-Range
PRIMUS,BULWARD,BASIC,BEAT,RANJIT SINGH,SOUTH,2019-01-21,Jan,KTK,UDUPAI,2,350000,24500.0,7000.0,FAMILY,JOB,YES,2019,1,700000,31500.0,63000.0,637000.0,Mid-Range
PRIMUS,BULWARD,EXTRA CLASS,BEAT,RANJIT SINGH,SOUTH,2019-02-04,Feb,DL,BADALPUR,2,342010,15732.46,1258.5968,GIFT,JOB,YES,2019,2,684020,16991.0568,33982.1136,650037.8864,Mid-Range
PRIMUS,BULWARD,SUPER,BEAT,RANJIT SINGH,SOUTH,2019-11-08,Nov,RAJ,AJMER,2,334020,6680.4,133.608,GIFT,JOB,YES,2019,11,668040,6814.008,13628.016,654411.984,Mid-Range
PRIMUS,AUTOCAT,BASIC,US18,RANJIT SINGH,WEST,2019-02-27,Feb,ASM,DISPUR,3,801379,96165.48,7693.2384,FAMILY,JOB,YES,2019,2,2404137,103858.7184,311576.1552,2092560.8448,Premium
PRIMUS,AUTOCAT,LUXURY,US18,RANJIT SINGH,SOUTH,2019-12-17,Dec,ASM,DIPHU,3,801379,96165.48,7693.2384,SINGLE,JOB,YES,2019,12,2404137,103858.7184,311576.1552,2092560.8448,Premium
PRIMUS,AUTOCAT,BASIC,PUNTO,RANJIT SINGH,SOUTH,2019-03-08,Mar,HR,SONIPAT,4,397405,46098.98,2304.949,SINGLE,JOB,YES,2019,3,1589620,48403.929000000004,193615.71600000001,1396004.284,Mid-Range
PRIMUS,BULWARD,SUPER,MARUTI 800,RANJIT SINGH,EAST,2019-01-10,Jan,ASM,GUWATI,4,221237,26548.44,2123.8752,GIFT,JOB,YES,2019,1,884948,28672.315199999997,114689.26079999999,770258.7392,Budget
PRIMUS,MITUSHI,SUPER,MARUTI 800,RANJIT SINGH,WEST,2019-04-16,Apr,KTK,UDUPAI,5,220000,15400.0,4400.0,SINGLE,JOB,NO,2019,4,1100000,19800.0,99000.0,1001000.0,Budget
PRIMUS,MITUSHI,SUPER,MARUTI 800,RANJIT SINGH,EAST,2019-05-28,May,KEA,VARKALA,5,217700,34832.0,2177.0,FAMILY,JOB,NO,2019,5,1088500,37009.0,185045.0,903455.0,Budget
PRIMUS,MITUSHI,SUPER,MARUTI 800,RANJIT SINGH,EAST,2019-12-08,Dec,HR,AMBALA,4,348158,40386.328,2019.3164,SPOUSE,JOB,YES,2019,12,1392632,42405.644400000005,169622.57760000002,1223009.4224,Mid-Range
PRIMUS,MITUSHI,EXTRA CLASS,BEATLE,RANJIT SINGH,SOUTH,2019-06-18,Jun,HR,KAITHAL,2,296080,34345.28,1717.264,FAMILY,JOB,NO,2019,6,592160,36062.544,72125.088,520034.912,Mid-Range
PRIMUS,AUTOCAT,BASIC,BEATLE,RANJIT SINGH,NORTH,2019-09-26,Sep,KTK,UDUPAI,5,230000,16100.0,4600.0,GIFT,JOB,YES,2019,9,1150000,20700.0,103500.0,1046500.0,Budget
PRIMUS,AUTOCAT,SUPER,BEATLE,RANJIT SINGH,SOUTH,2019-11-21,Nov,PB,AMR,2,249734,27470.74,7492.02,SPOUSE,JOB,YES,2019,11,499468,34962.76,69925.52,429542.48,Budget
PRIMUS,AUTOCAT,SUPER,SANTRO,RANJIT SINGH,EAST,2019-02-10,Feb,RAJ,BIKANER,5,214020,4280.4,85.608,FAMILY,JOB,YES,2019,2,1070100,4366.008,21830.04,1048269.96,Budget
PRIMUS,AUTOCAT,SUPER,HAWK,RANJIT SINGH,SOUTH,2019-01-31,Jan,ASM,DISPUR,4,231802,27816.24,2225.2992,SINGLE,JOB,YES,2019,1,927208,30041.539200000003,120166.15680000001,807041.8432,Budget
PRIMUS,AUTOCAT,SUPER,HAWK,RANJIT SINGH,SOUTH,2019-07-14,Jul,PB,LUD,2,249734,27470.74,7492.02,FAMILY,JOB,NO,2019,7,499468,34962.76,69925.52,429542.48,Budget
PRIMUS,AUTOCAT,BASIC,ALTO,RANJIT SINGH,WEST,2019-04-11,Apr,KTK,AJAYPURA,3,230000,16100.0,4600.0,SPOUSE,STUDENT,YES,2019,4,690000,20700.0,62100.0,627900.0,Budget
PRIMUS,AUTOCAT,SUPER,ALTO,RANJIT SINGH,EAST,2019-09-28,Sep,KTK,BIDAR,4,230000,16100.0,4600.0,FAMILY,STUDENT,YES,2019,9,920000,20700.0,82800.0,837200.0,Budget
PRIMUS,BULWARD,EXTRA CLASS,BEAT,RANJIT SINGH,EAST,2019-11-01,Nov,ASM,HOJAI,2,351676,42201.12,3376.0896,SINGLE,STUDENT,NO,2019,11,703352,45577.2096,91154.4192,612197.5808,Mid-Range
PRIMUS,BULWARD,SUPER,BEAT,RANJIT SINGH,SOUTH,2019-12-06,Dec,HR,KARNAL,3,427389,49577.124,2478.8562,SINGLE,STUDENT,YES,2019,12,1282167,52055.980200000005,156167.94060000003,1125999.0594,Premium
PRIMUS,AUTOCAT,BASIC,US18,RANJIT SINGH,SOUTH,2019-02-06,Feb,CHD,SECTOR 29,3,812117,56848.19,16242.34,FAMILY,STUDENT,YES,2019,2,2436351,73090.53,219271.59,2217079.41,Premium
PRIMUS,AUTOCAT,SUPER,US18,RANJIT SINGH,SOUTH,2019-05-21,May,KEA,KOCHI,3,797700,127632.0,7977.0,FAMILY,STUDENT,YES,2019,5,2393100,135609.0,406827.0,1986273.0,Premium
PRIMUS,AUTOCAT,SUPER,PUNTO,RANJIT SINGH,SOUTH,2019-12-09,Dec,CHD,SECTOR 4,3,425668,29796.76,8513.36,SINGLE,STUDENT,YES,2019,12,1277004,38310.119999999995,114930.35999999999,1162073.6400000001,Premium
PRIMUS,BULWARD,BASIC,MARUTI 800,RANJIT SINGH,WEST,2019-04-04,Apr,KEA,KOCHI,3,217700,34832.0,2177.0,GIFT,STUDENT,YES,2019,4,653100,37009.0,111027.0,542073.0,Budget
PRIMUS,AUTOCAT,BASIC,BEATLE,RANJIT SINGH,EAST,2019-08-01,Aug,KEA,VARKALA,5,227700,36432.0,2277.0,GIFT,STUDENT,NO,2019,8,1138500,38709.0,193545.0,944955.0,Budget
PRIMUS,AUTOCAT,SUPER,SANTRO,RANJIT SINGH,WEST,2019-08-13,Aug,RAJ,JODHPUR,2,214020,4280.4,85.608,SINGLE,STUDENT,NO,2019,8,428040,4366.008,8732.016,419307.984,Budget
PRIMUS,AUTOCAT,BASIC,ALTO,RANJIT SINGH,EAST,2019-03-14,Mar,ASM,DHUBRI,4,231802,27816.24,2225.2992,FAMILY,SELF EMPLOYEED,YES,2019,3,927208,30041.539200000003,120166.15680000001,807041.8432,Budget
PRIMUS,MITUSHI,BASIC,SANTRO,RANJIT SINGH,EAST,2019-03-14,Mar,ASM,DHUBRI,5,321134,38536.08,3082.8864,FAMILY,SELF EMPLOYEED,YES,2019,3,1605670,41618.966400000005,208094.83200000002,1397575.168,Mid-Range
PRIMUS,BULWARD,LUXURY,BEAT,RANJIT SINGH,NORTH,2019-11-22,Nov,CHD,SECTOR 29,4,442377,30966.39,8847.54,SINGLE,SELF EMPLOYEED,YES,2019,11,1769508,39813.93,159255.72,1610252.28,Premium
PRIMUS,NIKE,LUXURY,US18,RANJIT SINGH,WEST,2019-04-10,Apr,CHD,SECTOR 4,5,812117,56848.19,16242.34,FAMILY,SELF EMPLOYEED,YES,2019,4,4060585,73090.53,365452.65,3695132.35,Premium
PRIMUS,MITUSHI,SUPER,US18,RANJIT SINGH,EAST,2019-09-03,Sep,RAJ,BIKANER,2,784020,15680.4,313.608,FAMILY,SELF EMPLOYEED,NO,2019,9,1568040,15994.008,31988.016,1536051.984,Premium
PRIMUS,MITUSHI,SUPER,MARUTI 800,RANJIT SINGH,EAST,2019-02-21,Feb,PB,PATIALA,5,316877,34856.47,9506.31,GIFT,SELF EMPLOYEED,NO,2019,2,1584385,44362.78,221813.9,1362571.1,Mid-Range
PRIMUS,BULWARD,BASIC,HAWK,RANJIT SINGH,NORTH,2019-04-11,Apr,PB,LUD,2,249734,27470.74,7492.02,SINGLE,SELF EMPLOYEED,YES,2019,4,499468,34962.76,69925.52,429542.48,Budget
KLV,NIKE,SUPER,ALTO,RANJIT SINGH,SOUTH,2019-01-31,Jan,RAJ,JAIPUR,4,214020,4280.4,85.608,SINGLE,STUDENT,YES,2019,1,856080,4366.008,17464.032,838615.968,Budget
KLV,AUTOCAT,BASIC,ALTO,RANJIT SINGH,WEST,2019-08-23,Aug,KTK,BGLORE,5,230000,16100.0,4600.0,SINGLE,STUDENT,YES,2019,8,1150000,20700.0,103500.0,1046500.0,Budget
KLV,AUTOCAT,SUPER,ALTO,RANJIT SINGH,SOUTH,2019-10-12,Oct,AP,AMARVATI,5,225400,27048.0,2254.0,SPOUSE,JOB,YES,2019,10,1127000,29302.0,146510.0,980490.0,Budget
KLV,NIKE,BASIC,ALTO,RANJIT SINGH,WEST,2019-12-07,Dec,RAJ,AJMER,2,214020,4280.4,85.608,SPOUSE,JOB,YES,2019,12,428040,4366.008,8732.016,419307.984,Budget
KLV,MITUSHI,EXTRA CLASS,ALTO,RANJIT SINGH,SOUTH,2019-01-31,Jan,RAJ,JAIPUR,3,304020,6080.4,121.608,SINGLE,STUDENT,YES,2019,1,912060,6202.008,18606.023999999998,893453.976,Mid-Range
KLV,BULWARD,LUXURY,ALTO,RANJIT SINGH,NORTH,2019-07-30,Jul,KTK,BGLORE,2,320000,22400.0,6400.0,SPOUSE,JOB,YES,2019,7,640000,28800.0,57600.0,582400.0,Mid-Range
KLV,AUTOCAT,BASIC,US18,RANJIT SINGH,SOUTH,2019-03-20,Mar,DL,DWARKA,5,792010,36432.46,2914.5968,FAMILY,BUSINESS,NO,2019,3,3960050,39347.0568,196735.28399999999,3763314.716,Premium
KLV,AUTOCAT,SUPER,PUNTO,RANJIT SINGH,SOUTH,2019-06-24,Jun,HR,KAITHAL,2,397405,46098.98,2304.949,GIFT,JOB,NO,2019,6,794810,48403.929000000004,96807.85800000001,698002.142,Mid-Range
KLV,MITUSHI,SUPER,MARUTI 800,RANJIT SINGH,SOUTH,2019-05-07,May,AP,VIZAG,5,215400,25848.0,2154.0,FAMILY,BUSINESS,YES,2019,5,1077000,28002.0,140010.0,936990.0,Budget
KLV,MITUSHI,SUPER,BEATLE,RANJIT SINGH,WEST,2019-01-29,Jan,RAJ,AJMER,3,214020,4280.4,85.608,SINGLE,JOB,YES,2019,1,642060,4366.008,13098.024,628961.976,Budget
KLV,MITUSHI,BASIC,BEATLE,RANJIT SINGH,WEST,2019-05-21,May,KEA,KOCHI,4,227700,36432.0,2277.0,SINGLE,STUDENT,NO,2019,5,910800,38709.0,154836.0,755964.0,Budget
KLV,AUTOCAT,BASIC,BEATLE,RANJIT SINGH,SOUTH,2019-08-29,Aug,HR,KAITHAL,4,296080,34345.28,1717.264,SINGLE,BUSINESS,NO,2019,8,1184320,36062.544,144250.176,1040069.824,Mid-Range
KLV,AUTOCAT,SUPER,BEATLE,RANJIT SINGH,WEST,2019-12-19,Dec,CHD,SECTOR 5,4,341014,23870.98,6820.28,FAMILY,JOB,YES,2019,12,1364056,30691.26,122765.04,1241290.96,Mid-Range
KLV,BULWARD,SUPER,HAWK,RANJIT SINGH,EAST,2019-03-07,Mar,CHD,SECTOR 4,3,341014,23870.98,6820.28,SINGLE,BUSINESS,NO,2019,3,1023042,30691.26,92073.78,930968.22,Mid-Range
KLV,BULWARD,SUPER,HAWK,RANJIT SINGH,WEST,2019-05-26,May,HR,PANIPAT,4,296080,34345.28,1717.264,SPOUSE,BUSINESS,YES,2019,5,1184320,36062.544,144250.176,1040069.824,Mid-Range
KLV,BULWARD,SUPER,HAWK,RANJIT SINGH,WEST,2019-12-08,Dec,CHD,SECTOR 1,4,341014,23870.98,6820.28,SINGLE,JOB,YES,2019,12,1364056,30691.26,122765.04,1241290.96,Mid-Range
TESS,NIKE,SUPER,ALTO,RANJIT SINGH,NORTH,2019-01-03,Jan,CHD,SECTOR 1,4,341014,23870.98,6820.28,SINGLE,BUSINESS,YES,2019,1,1364056,30691.26,122765.04,1241290.96,Mid-Range
TESS,NIKE,SUPER,ALTO,RANJIT SINGH,NORTH,2019-02-28,Feb,CHD,SECTOR 29,5,341014,23870.98,6820.28,SINGLE,BUSINESS,YES,2019,2,1705070,30691.26,153456.3,1551613.7,Mid-Range
TESS,NIKE,BASIC,ALTO,RANJIT SINGH,NORTH,2019-04-25,Apr,AP,TIRUPATI,2,225400,27048.0,2254.0,FAMILY,JOB,YES,2019,4,450800,29302.0,58604.0,392196.0,Budget
TESS,NIKE,LUXURY,ALTO,RANJIT SINGH,WEST,2019-06-20,Jun,KTK,AJAYPURA,3,230000,16100.0,4600.0,FAMILY,JOB,NO,2019,6,690000,20700.0,62100.0,627900.0,Budget
TESS,MITUSHI,EXTRA CLASS,ALTO,RANJIT SINGH,WEST,2019-08-15,Aug,KEA,KOVALAM,4,227700,36432.0,2277.0,FAMILY,BUSINESS,YES,2019,8,910800,38709.0,154836.0,755964.0,Budget
TESS,MITUSHI,SUPER,US18,RANJIT SINGH,WEST,2019-06-25,Jun,HR,PANIPAT,5,858644,99602.704,4980.1352,FAMILY,JOB,NO,2019,6,4293220,104582.8392,522914.196,3770305.804,Premium
TESS,MITUSHI,EXTRA CLASS,US18,RANJIT SINGH,WEST,2019-11-12,Nov,CHD,SECTOR 29,5,812117,56848.19,16242.34,FAMILY,STUDENT,NO,2019,11,4060585,73090.53,365452.65,3695132.35,Premium
TESS,MITUSHI,BASIC,PUNTO,RANJIT SINGH,WEST,2019-04-19,Apr,PB,AMR,5,446565,49122.15,13396.95,SINGLE,BUSINESS,YES,2019,4,2232825,62519.100000000006,312595.5,1920229.5,Premium
TESS,BULWARD,LUXURY,PUNTO,RANJIT SINGH,SOUTH,2019-09-16,Sep,RAJ,JAIPUR,4,334020,6680.4,133.608,SPOUSE,BUSINESS,YES,2019,9,1336080,6814.008,27256.032,1308823.968,Mid-Range
TESS,MITUSHI,SUPER,MARUTI 800,RANJIT SINGH,SOUTH,2019-01-31,Jan,RAJ,BIDAR,5,204020,4080.4,81.608,SINGLE,BUSINESS,YES,2019,1,1020100,4162.008,20810.04,999289.96,Budget
ELECTRA,BULWARD,BASIC,HAWK,RANJIT SINGH,EAST,2019-05-07,May,PB,LUD,4,249734,27470.74,7492.02,GIFT,BUSINESS,YES,2019,5,998936,34962.76,139851.04,859084.96,Budget
TESS,NIKE,SUPER,HAWK,RANJIT SINGH,WEST,2019-09-01,Sep,PB,LUD,3,249734,27470.74,7492.02,SPOUSE,BUSINESS,YES,2019,9,749202,34962.76,104888.28,644313.72,Budget
TESS,NIKE,SUPER,HAWK,RANJIT SINGH,NORTH,2019-10-20,Oct,KEA,KOLLAM,3,227700,36432.0,2277.0,FAMILY,JOB,NO,2019,10,683100,38709.0,116127.0,566973.0,Budget
TESS,NIKE,BASIC,SANTRO,RANJIT SINGH,NORTH,2019-01-03,Jan,CHD,SECTOR 1,3,421813,29526.91,8436.26,SINGLE,BUSINESS,YES,2019,1,1265439,37963.17,113889.51,1151549.49,Premium
TESS,NIKE,BASIC,SANTRO,RANJIT SINGH,NORTH,2019-02-28,Feb,CHD,SECTOR 29,2,421813,29526.91,8436.26,SINGLE,BUSINESS,YES,2019,2,843626,37963.17,75926.34,767699.66,Premium
TESS,AUTOCAT,BASIC,SANTRO,RANJIT SINGH,WEST,2019-05-21,May,HR,SONIPAT,4,337290,39125.64,1956.282,FAMILY,SELF EMPLOYEED,NO,2019,5,1349160,41081.922,164327.688,1184832.312,Mid-Range
ELECTRA,AUTOCAT,BASIC,SANTRO,RANJIT SINGH,WEST,2019-06-18,Jun,AP,HYDERABAD,2,315400,37848.0,3154.0,FAMILY,STUDENT,NO,2019,6,630800,41002.0,82004.0,548796.0,Mid-Range
TESS,AUTOCAT,LUXURY,SANTRO,RANJIT SINGH,WEST,2019-07-16,Jul,HR,KAITHAL,2,337290,39125.64,1956.282,FAMILY,BUSINESS,NO,2019,7,674580,41081.922,82163.844,592416.156,Mid-Range
TESS,MITUSHI,BASIC,SANTRO,RANJIT SINGH,SOUTH,2019-09-24,Sep,ASM,GUWATI,4,321134,38536.08,3082.8864,SINGLE,BUSINESS,YES,2019,9,1284536,41618.966400000005,166475.86560000002,1118060.1343999999,Mid-Range
TESS,MITUSHI,SUPER,SANTRO,RANJIT SINGH,WEST,2019-11-19,Nov,KEA,KOCHI,4,317700,50832.0,3177.0,SINGLE,BUSINESS,NO,2019,11,1270800,54009.0,216036.0,1054764.0,Mid-Range
KLV,AUTOCAT,BASIC,SANTRO,RANJIT SINGH,SOUTH,2019-03-28,Mar,HR,PANIPAT,2,337290,39125.64,1956.282,FAMILY,BUSINESS,YES,2019,3,674580,41081.922,82163.844,592416.156,Mid-Range
KLV,MITUSHI,SUPER,SANTRO,RANJIT SINGH,WEST,2019-04-11,Apr,KTK,AJAYPURA,4,320000,22400.0,6400.0,SPOUSE,STUDENT,YES,2019,4,1280000,28800.0,115200.0,1164800.0,Mid-Range
KLV,BULWARD,BASIC,SANTRO,RANJIT SINGH,SOUTH,2019-05-07,May,RAJ,JODHPUR,5,304020,6080.4,121.608,SPOUSE,BUSINESS,YES,2019,5,1520100,6202.008,31010.04,1489089.96,Mid-Range
KLV,NIKE,BASIC,SANTRO,RANJIT SINGH,NORTH,2019-06-04,Jun,KTK,AJAYPURA,3,320000,22400.0,6400.0,SPOUSE,BUSINESS,YES,2019,6,960000,28800.0,86400.0,873600.0,Mid-Range
KLV,MITUSHI,LUXURY,SANTRO,RANJIT SINGH,WEST,2019-08-13,Aug,RAJ,JAIPUR,2,304020,6080.4,121.608,FAMILY,BUSINESS,NO,2019,8,608040,6202.008,12404.016,595635.984,Mid-Range
KLV,BULWARD,BASIC,SANTRO,RANJIT SINGH,WEST,2019-12-01,Dec,PB,LUD,5,395352,43488.72,11860.56,GIFT,BUSINESS,YES,2019,12,1976760,55349.28,276746.4,1700013.6,Mid-Range
KLV,BULWARD,BASIC,SANTRO,RANJIT SINGH,SOUTH,2019-12-15,Dec,CHD,SECTOR 4,5,421813,29526.91,8436.26,SINGLE,JOB,NO,2019,12,2109065,37963.17,189815.84999999998,1919249.15,Premium
KLV,AUTOCAT,BASIC,SANTRO,RANJIT SINGH,SOUTH,2019-03-10,Mar,KEA,KOVALAM,5,227700,36432.0,2277.0,SINGLE,BUSINESS,NO,2019,3,1138500,38709.0,193545.0,944955.0,Budget
KLV,AUTOCAT,BASIC,SANTRO,RANJIT SINGH,WEST,2019-04-23,Apr,AP,TIRUPATI,4,225400,27048.0,2254.0,SINGLE,JOB,YES,2019,4,901600,29302.0,117208.0,784392.0,Budget
KLV,AUTOCAT,BASIC,SANTRO,RANJIT SINGH,EAST,2019-06-18,Jun,HR,AMBALA,2,296080,34345.28,1717.264,SINGLE,SELF EMPLOYEED,NO,2019,6,592160,36062.544,72125.088,520034.912,Mid-Range
KLV,AUTOCAT,BASIC,SANTRO,RANJIT SINGH,SOUTH,2019-07-16,Jul,KTK,UDUPAI,5,230000,16100.0,4600.0,SINGLE,BUSINESS,YES,2019,7,1150000,20700.0,103500.0,1046500.0,Budget
KLV,AUTOCAT,SUPER,SANTRO,RANJIT SINGH,NORTH,2019-09-10,Sep,PB,PATIALA,4,249734,27470.74,7492.02,SINGLE,JOB,YES,2019,9,998936,34962.76,139851.04,859084.96,Budget
KLV,AUTOCAT,SUPER,SANTRO,RANJIT SINGH,EAST,2019-10-08,Oct,CHD,SECTOR 29,5,341014,23870.98,6820.28,SINGLE,BUSINESS,NO,2019,10,1705070,30691.26,153456.3,1551613.7,Mid-Range
PRIMUS,NIKE,SUPER,ALTO,RUBY BHATIA,SOUTH,2019-02-20,Feb,AP,VIZAG,0,225400,27048.0,2254.0,SINGLE,BUSINESS,YES,2019,2,0,29302.0,0.0,0.0,Budget
PRIMUS,AUTOCAT,BASIC,ALTO,RUBY BHATIA,WEST,2019-04-03,Apr,KEA,KOCHI,0,227700,36432.0,2277.0,GIFT,BUSINESS,NO,2019,4,0,38709.0,0.0,0.0,Budget
PRIMUS,NIKE,SUPER,ALTO,RUBY BHATIA,WEST,2019-06-12,Jun,DL,DWARKA,3,222010,10212.46,816.9968,SINGLE,BUSINESS,YES,2019,6,666030,11029.4568,33088.3704,632941.6296,Budget
PRIMUS,NIKE,BASIC,ALTO,RUBY BHATIA,WEST,2019-07-10,Jul,KTK,BGLORE,0,230000,16100.0,4600.0,SINGLE,BUSINESS,YES,2019,7,0,20700.0,0.0,0.0,Budget
PRIMUS,AUTOCAT,EXTRA CLASS,ALTO,RUBY BHATIA,SOUTH,2019-08-29,Aug,HR,SONIPAT,1,296080,34345.28,1717.264,SINGLE,BUSINESS,YES,2019,8,296080,36062.544,36062.544,260017.456,Mid-Range
PRIMUS,AUTOCAT,BASIC,ALTO,RUBY BHATIA,EAST,2019-09-20,Sep,KEA,VARKALA,2,227700,36432.0,2277.0,SINGLE,BUSINESS,YES,2019,9,455400,38709.0,77418.0,377982.0,Budget
PRIMUS,AUTOCAT,LUXURY,ALTO,RUBY BHATIA,WEST,2019-11-29,Nov,CHD,SECTOR 4,0,341014,23870.98,6820.28,GIFT,BUSINESS,YES,2019,11,0,30691.26,0.0,0.0,Mid-Range
PRIMUS,AUTOCAT,BASIC,ALTO,RUBY BHATIA,EAST,2019-12-27,Dec,AP,HYDERABAD,2,225400,27048.0,2254.0,GIFT,BUSINESS,YES,2019,12,450800,29302.0,58604.0,392196.0,Budget
PRIMUS,NIKE,EXTRA CLASS,SANTRO,RUBY BHATIA,SOUTH,2019-02-20,Feb,AP,VIZAG,2,315400,37848.0,3154.0,SINGLE,BUSINESS,YES,2019,2,630800,41002.0,82004.0,548796.0,Mid-Range
PRIMUS,BULWARD,BASIC,SANTRO,RUBY BHATIA,SOUTH,2019-04-29,Apr,CHD,SECTOR 29,3,421813,29526.91,8436.26,FAMILY,BUSINESS,NO,2019,4,1265439,37963.17,113889.51,1151549.49,Premium
PRIMUS,AUTOCAT,SUPER,SANTRO,RUBY BHATIA,WEST,2019-07-08,Jul,PB,AMR,0,395352,43488.72,11860.56,SINGLE,BUSINESS,YES,2019,7,0,55349.28,0.0,0.0,Mid-Range
PRIMUS,BULWARD,EXTRA CLASS,SANTRO,RUBY BHATIA,EAST,2019-10-28,Oct,RAJ,AJMER,0,304020,6080.4,121.608,FAMILY,BUSINESS,NO,2019,10,0,6202.008,0.0,0.0,Mid-Range
PRIMUS,BULWARD,SUPER,SANTRO,RUBY BHATIA,NORTH,2019-11-25,Nov,PB,PATIALA,1,395352,43488.72,11860.56,FAMILY,BUSINESS,NO,2019,11,395352,55349.28,55349.28,340002.72,Mid-Range
PRIMUS,NIKE,BASIC,BEAT,RUBY BHATIA,SOUTH EAST,2019-01-10,Jan,CHD,SECTOR 29,10,442377,30966.39,8847.54,GIFT,BUSINESS,YES,2019,1,4423770,39813.93,398139.3,4025630.7,Premium
PRIMUS,NIKE,LUXURY,BEAT,RUBY BHATIA,WEST,2019-01-24,Jan,HR,KAITHAL,0,427389,49577.124,2478.8562,GIFT,BUSINESS,NO,2019,1,0,52055.980200000005,0.0,0.0,Premium
PRIMUS,NIKE,LUXURY,BEAT,RUBY BHATIA,SOUTH,2019-02-14,Feb,KEA,KOCHI,0,347700,55632.0,3477.0,GIFT,BUSINESS,YES,2019,2,0,59109.0,0.0,0.0,Mid-Range
PRIMUS,NIKE,LUXURY,BEAT,RUBY BHATIA,EAST,2019-02-28,Feb,DL,BADALPUR,2,342010,15732.46,1258.5968,GIFT,BUSINESS,YES,2019,2,684020,16991.0568,33982.1136,650037.8864,Mid-Range
PRIMUS,NIKE,BASIC,BEAT,RUBY BHATIA,SOUTH,2019-11-04,Nov,CHD,SECTOR 29,1,442377,30966.39,8847.54,FAMILY,BUSINESS,NO,2019,11,442377,39813.93,39813.93,402563.07,Premium
PRIMUS,NIKE,BASIC,BEAT,RUBY BHATIA,WEST,2019-11-11,Nov,KTK,UDUPAI,1,350000,24500.0,7000.0,SPOUSE,BUSINESS,YES,2019,11,350000,31500.0,31500.0,318500.0,Mid-Range
PRIMUS,NIKE,SUPER,BEAT,RUBY BHATIA,SOUTH,2019-12-02,Dec,CHD,SECTOR 29,0,442377,30966.39,8847.54,GIFT,BUSINESS,YES,2019,12,0,39813.93,0.0,0.0,Premium
PRIMUS,AUTOCAT,EXTRA CLASS,US18,RUBY BHATIA,SOUTH,2019-01-25,Jan,RAJ,JODHPUR,1,784020,15680.4,313.608,FAMILY,BUSINESS,YES,2019,1,784020,15994.008,15994.008,768025.992,Premium
PRIMUS,AUTOCAT,EXTRA CLASS,US18,RUBY BHATIA,WEST,2019-02-15,Feb,DL,DWARKA,2,792010,36432.46,2914.5968,FAMILY,BUSINESS,NO,2019,2,1584020,39347.0568,78694.1136,1505325.8864,Premium
PRIMUS,BULWARD,SUPER,US18,RUBY BHATIA,SOUTH,2019-05-07,May,PB,LUD,1,810553,89160.83,24316.59,FAMILY,BUSINESS,NO,2019,5,810553,113477.42,113477.42,697075.58,Premium
PRIMUS,MITUSHI,SUPER,US18,RUBY BHATIA,WEST,2019-06-05,Jun,PB,LUD,0,810553,89160.83,24316.59,FAMILY,BUSINESS,YES,2019,6,0,113477.42,0.0,0.0,Premium
PRIMUS,BULWARD,SUPER,US18,RUBY BHATIA,SOUTH,2019-07-10,Jul,KEA,KOLLAM,3,797700,127632.0,7977.0,FAMILY,BUSINESS,YES,2019,7,2393100,135609.0,406827.0,1986273.0,Premium
PRIMUS,MITUSHI,LUXURY,US18,RUBY BHATIA,WEST,2019-10-23,Oct,RAJ,JODHPUR,1,784020,15680.4,313.608,SINGLE,BUSINESS,YES,2019,10,784020,15994.008,15994.008,768025.992,Premium
PRIMUS,AUTOCAT,SUPER,PUNTO,RUBY BHATIA,SOUTH,2019-08-23,Aug,CHD,SECTOR 1,0,425668,29796.76,8513.36,FAMILY,BUSINESS,NO,2019,8,0,38310.119999999995,0.0,0.0,Premium
PRIMUS,BULWARD,SUPER,PUNTO,RUBY BHATIA,SOUTH,2019-11-15,Nov,RAJ,JAIPUR,1,334020,6680.4,133.608,GIFT,BUSINESS,NO,2019,11,334020,6814.008,6814.008,327205.992,Mid-Range
PRIMUS,BULWARD,SUPER,PUNTO,RUBY BHATIA,WEST,2019-12-27,Dec,DL,DWARKA,0,342010,15732.46,1258.5968,FAMILY,BUSINESS,YES,2019,12,0,16991.0568,0.0,0.0,Mid-Range
PRIMUS,NIKE,SUPER,MARUTI 800,RUBY BHATIA,SOUTH,2019-01-19,Jan,CHD,SECTOR 4,0,255519,17886.33,5110.38,SPOUSE,BUSINESS,NO,2019,1,0,22996.710000000003,0.0,0.0,Mid-Range
PRIMUS,BULWARD,BASIC,MARUTI 800,RUBY BHATIA,WEST,2019-03-23,Mar,PB,PATIALA,1,316877,34856.47,9506.31,FAMILY,BUSINESS,YES,2019,3,316877,44362.78,44362.78,272514.22,Mid-Range
PRIMUS,BULWARD,BASIC,MARUTI 800,RUBY BHATIA,EAST,2019-05-16,May,PB,LUD,2,316877,34856.47,9506.31,SINGLE,BUSINESS,YES,2019,5,633754,44362.78,88725.56,545028.44,Mid-Range
PRIMUS,BULWARD,BASIC,MARUTI 800,RUBY BHATIA,SOUTH,2019-12-20,Dec,KEA,KOLLAM,0,217700,34832.0,2177.0,SINGLE,BUSINESS,YES,2019,12,0,37009.0,0.0,0.0,Budget
PRIMUS,BULWARD,SUPER,BEATLE,RUBY BHATIA,WEST,2019-03-10,Mar,RAJ,AJMER,2,214020,4280.4,85.608,SINGLE,BUSINESS,YES,2019,3,428040,4366.008,8732.016,419307.984,Budget
PRIMUS,BULWARD,LUXURY,BEATLE,RUBY BHATIA,SOUTH,2019-06-02,Jun,RAJ,JAIPUR,0,214020,4280.4,85.608,SINGLE,BUSINESS,NO,2019,6,0,4366.008,0.0,0.0,Budget
PRIMUS,MITUSHI,EXTRA CLASS,BEATLE,RUBY BHATIA,EAST,2019-07-16,Jul,PB,PATIALA,2,249734,27470.74,7492.02,FAMILY,BUSINESS,NO,2019,7,499468,34962.76,69925.52,429542.48,Budget
PRIMUS,MITUSHI,SUPER,BEATLE,RUBY BHATIA,SOUTH,2019-11-05,Nov,ASM,DIPHU,2,231802,27816.24,2225.2992,GIFT,BUSINESS,YES,2019,11,463604,30041.539200000003,60083.078400000006,403520.9216,Budget
PRIMUS,AUTOCAT,EXTRA CLASS,SANTRO,RUBY BHATIA,NORTH,2019-05-05,May,PB,LUD,0,249734,27470.74,7492.02,SINGLE,BUSINESS,NO,2019,5,0,34962.76,0.0,0.0,Budget
PRIMUS,AUTOCAT,LUXURY,HAWK,RUBY BHATIA,SOUTH,2019-12-29,Dec,DL,DWARKA,3,222010,10212.46,816.9968,FAMILY,BUSINESS,NO,2019,12,666030,11029.4568,33088.3704,632941.6296,Budget
PRIMUS,NIKE,BASIC,ALTO,RUBY BHATIA,SOUTH,2019-03-20,Mar,CHD,SECTOR 29,3,341014,23870.98,6820.28,SINGLE,JOB,YES,2019,3,1023042,30691.26,92073.78,930968.22,Mid-Range
PRIMUS,AUTOCAT,BASIC,ALTO,RUBY BHATIA,WEST,2019-05-29,May,AP,AMARVATI,2,225400,27048.0,2254.0,GIFT,JOB,YES,2019,5,450800,29302.0,58604.0,392196.0,Budget
PRIMUS,AUTOCAT,LUXURY,ALTO,RUBY BHATIA,SOUTH,2019-07-24,Jul,AP,HYDERABAD,0,225400,27048.0,2254.0,GIFT,JOB,YES,2019,7,0,29302.0,0.0,0.0,Budget
PRIMUS,NIKE,LUXURY,ALTO,RUBY BHATIA,WEST,2019-08-07,Aug,PB,PATIALA,1,249734,27470.74,7492.02,SINGLE,JOB,NO,2019,8,249734,34962.76,34962.76,214771.24,Budget
PRIMUS,AUTOCAT,LUXURY,ALTO,RUBY BHATIA,SOUTH,2019-11-15,Nov,DL,DWARKA,2,222010,10212.46,816.9968,SINGLE,JOB,YES,2019,11,444020,11029.4568,22058.9136,421961.08640000003,Budget
PRIMUS,AUTOCAT,BASIC,SANTRO,RUBY BHATIA,NORTH,2019-05-27,May,KEA,KOLLAM,3,317700,50832.0,3177.0,FAMILY,JOB,NO,2019,5,953100,54009.0,162027.0,791073.0,Mid-Range
PRIMUS,NIKE,LUXURY,ALTO,RUBY BHATIA,EAST,2019-08-05,Aug,CHD,SECTOR 1,1,421813,29526.91,8436.26,SINGLE,JOB,YES,2019,8,421813,37963.17,37963.17,383849.83,Premium
PRIMUS,NIKE,BASIC,SANTRO,RUBY BHATIA,EAST,2019-09-02,Sep,RAJ,JAIPUR,0,304020,6080.4,121.608,FAMILY,JOB,NO,2019,9,0,6202.008,0.0,0.0,Mid-Range
PRIMUS,BULWARD,EXTRA CLASS,SANTRO,RUBY BHATIA,WEST,2019-09-30,Sep,CHD,SECTOR 4,2,421813,29526.91,8436.26,FAMILY,JOB,NO,2019,9,843626,37963.17,75926.34,767699.66,Premium
PRIMUS,BULWARD,EXTRA CLASS,SANTRO,RUBY BHATIA,WEST,2019-11-11,Nov,PB,PATIALA,1,395352,43488.72,11860.56,SINGLE,JOB,YES,2019,11,395352,55349.28,55349.28,340002.72,Mid-Range
PRIMUS,NIKE,BASIC,BEAT,RUBY BHATIA,WEST,2019-01-03,Jan,DL,DWARKA,2,342010,15732.46,1258.5968,FAMILY,JOB,NO,2019,1,684020,16991.0568,33982.1136,650037.8864,Mid-Range
PRIMUS,NIKE,BASIC,BEAT,RUBY BHATIA,SOUTH,2019-01-17,Jan,ASM,HOJAI,2,351676,42201.12,3376.0896,SINGLE,JOB,YES,2019,1,703352,45577.2096,91154.4192,612197.5808,Mid-Range
PRIMUS,NIKE,LUXURY,BEAT,RUBY BHATIA,SOUTH,2019-01-31,Jan,KTK,AJAYPURA,2,350000,24500.0,7000.0,FAMILY,JOB,YES,2019,1,700000,31500.0,63000.0,637000.0,Mid-Range
PRIMUS,NIKE,LUXURY,BEAT,RUBY BHATIA,WEST,2019-02-07,Feb,AP,HYDERABAD,2,345400,41448.0,3454.0,SPOUSE,JOB,NO,2019,2,690800,44902.0,89804.0,600996.0,Mid-Range
PRIMUS,NIKE,LUXURY,BEAT,RUBY BHATIA,NORTH,2019-02-21,Feb,HR,KAITHAL,1,427389,49577.124,2478.8562,SINGLE,JOB,NO,2019,2,427389,52055.980200000005,52055.980200000005,375333.0198,Premium
PRIMUS,NIKE,SUPER,BEAT,RUBY BHATIA,EAST,2019-11-25,Nov,DL,DWARKA,3,342010,15732.46,1258.5968,SINGLE,JOB,YES,2019,11,1026030,16991.0568,50973.170399999995,975056.8296,Mid-Range
PRIMUS,AUTOCAT,EXTRA CLASS,US18,RUBY BHATIA,WEST,2019-01-04,Jan,ASM,DISPUR,3,801379,96165.48,7693.2384,FAMILY,JOB,NO,2019,1,2404137,103858.7184,311576.1552,2092560.8448,Premium
PRIMUS,AUTOCAT,LUXURY,US18,RUBY BHATIA,SOUTH,2019-04-19,Apr,DL,CP,2,792010,36432.46,2914.5968,FAMILY,JOB,YES,2019,4,1584020,39347.0568,78694.1136,1505325.8864,Premium
PRIMUS,BULWARD,SUPER,US18,RUBY BHATIA,SOUTH,2019-09-18,Sep,ASM,GOALPARA,3,801379,96165.48,7693.2384,FAMILY,JOB,YES,2019,9,2404137,103858.7184,311576.1552,2092560.8448,Premium
PRIMUS,MITUSHI,BASIC,PUNTO,RUBY BHATIA,WEST,2019-03-26,Mar,KEA,KOLLAM,1,347700,55632.0,3477.0,FAMILY,JOB,NO,2019,3,347700,59109.0,59109.0,288591.0,Mid-Range
PRIMUS,BULWARD,SUPER,MARUTI 800,RUBY BHATIA,SOUTH,2019-03-02,Mar,RAJ,AJMER,1,204020,4080.4,81.608,SPOUSE,JOB,NO,2019,3,204020,4162.008,4162.008,199857.992,Budget
PRIMUS,BULWARD,BASIC,MARUTI 800,RUBY BHATIA,SOUTH,2019-06-06,Jun,PB,LUD,3,316877,34856.47,9506.31,FAMILY,JOB,YES,2019,6,950631,44362.78,133088.34,817542.66,Mid-Range
PRIMUS,BULWARD,SUPER,BEATLE,RUBY BHATIA,SOUTH,2019-02-10,Feb,ASM,TEZPUR,3,231802,27816.24,2225.2992,SINGLE,JOB,NO,2019,2,695406,30041.539200000003,90124.61760000001,605281.3824,Budget
PRIMUS,BULWARD,SUPER,BEATLE,RUBY BHATIA,SOUTH,2019-04-07,Apr,DL,DWARKA,2,222010,10212.46,816.9968,SINGLE,JOB,YES,2019,4,444020,11029.4568,22058.9136,421961.08640000003,Budget
PRIMUS,MITUSHI,EXTRA CLASS,BEATLE,RUBY BHATIA,EAST,2019-10-08,Oct,CHD,SECTOR 29,1,341014,23870.98,6820.28,SINGLE,JOB,NO,2019,10,341014,30691.26,30691.26,310322.74,Mid-Range
PRIMUS,MITUSHI,SUPER,BEATLE,RUBY BHATIA,WEST,2019-12-03,Dec,RAJ,JODHPUR,1,214020,4280.4,85.608,SINGLE,JOB,NO,2019,12,214020,4366.008,4366.008,209653.992,Budget
PRIMUS,MITUSHI,SUPER,SANTRO,RUBY BHATIA,EAST,2019-01-25,Jan,CHD,SECTOR 29,0,341014,23870.98,6820.28,SINGLE,JOB,NO,2019,1,0,30691.26,0.0,0.0,Mid-Range
PRIMUS,MITUSHI,SUPER,SANTRO,RUBY BHATIA,SOUTH,2019-02-22,Feb,PB,AMR,2,249734,27470.74,7492.02,SINGLE,JOB,YES,2019,2,499468,34962.76,69925.52,429542.48,Budget
PRIMUS,AUTOCAT,EXTRA CLASS,SANTRO,RUBY BHATIA,SOUTH,2019-06-30,Jun,KEA,VARKALA,2,227700,36432.0,2277.0,FAMILY,JOB,NO,2019,6,455400,38709.0,77418.0,377982.0,Budget
PRIMUS,BULWARD,SUPER,HAWK,RUBY BHATIA,NORTH,2019-03-22,Mar,DL,CP,1,222010,10212.46,816.9968,GIFT,JOB,YES,2019,3,222010,11029.4568,11029.4568,210980.54320000001,Budget
PRIMUS,AUTOCAT,BASIC,HAWK,RUBY BHATIA,WEST,2019-08-04,Aug,RAJ,JAIPUR,3,214020,4280.4,85.608,GIFT,JOB,YES,2019,8,642060,4366.008,13098.024,628961.976,Budget
PRIMUS,NIKE,BASIC,ALTO,RUBY BHATIA,SOUTH,2019-05-15,May,KTK,AJAYPURA,1,230000,16100.0,4600.0,SINGLE,STUDENT,YES,2019,5,230000,20700.0,20700.0,209300.0,Budget
PRIMUS,AUTOCAT,SUPER,ALTO,RUBY BHATIA,EAST,2019-11-01,Nov,AP,TIRUPATI,2,225400,27048.0,2254.0,FAMILY,STUDENT,YES,2019,11,450800,29302.0,58604.0,392196.0,Budget
PRIMUS,AUTOCAT,BASIC,SANTRO,RUBY BHATIA,WEST,2019-05-13,May,ASM,DIPHU,0,321134,38536.08,3082.8864,SINGLE,STUDENT,YES,2019,5,0,41618.966400000005,0.0,0.0,Mid-Range
PRIMUS,NIKE,EXTRA CLASS,BEAT,RUBY BHATIA,NORTH,2019-11-18,Nov,AP,TENALI,1,345400,41448.0,3454.0,GIFT,STUDENT,YES,2019,11,345400,44902.0,44902.0,300498.0,Mid-Range
PRIMUS,AUTOCAT,EXTRA CLASS,US18,RUBY BHATIA,WEST,2019-03-29,Mar,AP,VIZAG,3,795400,95448.0,7954.0,FAMILY,STUDENT,NO,2019,3,2386200,103402.0,310206.0,2075994.0,Premium
PRIMUS,MITUSHI,SUPER,US18,RUBY BHATIA,WEST,2019-08-14,Aug,CHD,SECTOR 1,3,812117,56848.19,16242.34,SINGLE,STUDENT,YES,2019,8,2436351,73090.53,219271.59,2217079.41,Premium
PRIMUS,BULWARD,BASIC,PUNTO,RUBY BHATIA,SOUTH,2019-02-12,Feb,PB,AMR,3,446565,49122.15,13396.95,SPOUSE,STUDENT,YES,2019,2,1339695,62519.100000000006,187557.30000000002,1152137.7,Premium
PRIMUS,AUTOCAT,SUPER,HAWK,RUBY BHATIA,SOUTH,2019-01-11,Jan,DL,DWARKA,0,222010,10212.46,816.9968,FAMILY,STUDENT,YES,2019,1,0,11029.4568,0.0,0.0,Budget
PRIMUS,NIKE,BASIC,ALTO,RUBY BHATIA,SOUTH,2019-04-17,Apr,HR,SONIPAT,1,296080,34345.28,1717.264,SINGLE,SELF EMPLOYEED,YES,2019,4,296080,36062.544,36062.544,260017.456,Mid-Range
PRIMUS,NIKE,SUPER,ALTO,RUBY BHATIA,SOUTH,2019-10-04,Oct,HR,SONIPAT,1,296080,34345.28,1717.264,FAMILY,SELF EMPLOYEED,YES,2019,10,296080,36062.544,36062.544,260017.456,Mid-Range
PRIMUS,BULWARD,SUPER,SANTRO,RUBY BHATIA,NORTH,2019-04-17,Apr,HR,SONIPAT,0,337290,39125.64,1956.282,SINGLE,SELF EMPLOYEED,YES,2019,4,0,41081.922,0.0,0.0,Mid-Range
PRIMUS,AUTOCAT,SUPER,SANTRO,RUBY BHATIA,SOUTH,2019-06-24,Jun,PB,AMR,3,395352,43488.72,11860.56,FAMILY,SELF EMPLOYEED,YES,2019,6,1186056,55349.28,166047.84,1020008.16,Mid-Range
PRIMUS,NIKE,SUPER,BEAT,RUBY BHATIA,WEST,2019-12-09,Dec,KEA,VARKALA,3,347700,55632.0,3477.0,FAMILY,SELF EMPLOYEED,YES,2019,12,1043100,59109.0,177327.0,865773.0,Mid-Range
PRIMUS,BULWARD,LUXURY,US18,RUBY BHATIA,SOUTH,2019-11-27,Nov,DL,CP,2,792010,36432.46,2914.5968,GIFT,SELF EMPLOYEED,YES,2019,11,1584020,39347.0568,78694.1136,1505325.8864,Premium
PRIMUS,MITUSHI,EXTRA CLASS,BEATLE,RUBY BHATIA,SOUTH,2019-08-13,Aug,RAJ,JODHPUR,3,214020,4280.4,85.608,SPOUSE,SELF EMPLOYEED,NO,2019,8,642060,4366.008,13098.024,628961.976,Budget
KLV,NIKE,SUPER,ALTO,RUBY BHATIA,SOUTH,2019-01-23,Jan,CHD,SECTOR 4,3,341014,23870.98,6820.28,SINGLE,BUSINESS,YES,2019,1,1023042,30691.26,92073.78,930968.22,Mid-Range
KLV,NIKE,SUPER,ALTO,RUBY BHATIA,WEST,2019-10-18,Oct,KTK,BIDAR,1,230000,16100.0,4600.0,SINGLE,BUSINESS,YES,2019,10,230000,20700.0,20700.0,209300.0,Budget
KLV,AUTOCAT,BASIC,ALTO,RUBY BHATIA,NORTH,2019-12-13,Dec,KTK,UDUPAI,3,230000,16100.0,4600.0,SINGLE,JOB,YES,2019,12,690000,20700.0,62100.0,627900.0,Budget
KLV,BULWARD,LUXURY,ALTO,RUBY BHATIA,WEST,2019-02-06,Feb,KTK,BIDAR,0,320000,22400.0,6400.0,SINGLE,BUSINESS,NO,2019,2,0,28800.0,0.0,0.0,Mid-Range
KLV,AUTOCAT,BASIC,PUNTO,RUBY BHATIA,SOUTH,2019-05-31,May,PB,AMR,3,446565,49122.15,13396.95,FAMILY,JOB,YES,2019,5,1339695,62519.100000000006,187557.30000000002,1152137.7,Premium
KLV,MITUSHI,EXTRA CLASS,BEATLE,RUBY BHATIA,WEST,2019-09-10,Sep,KEA,KOCHI,2,227700,36432.0,2277.0,FAMILY,JOB,NO,2019,9,455400,38709.0,77418.0,377982.0,Budget
KLV,MITUSHI,SUPER,BEATLE,RUBY BHATIA,SOUTH,2019-12-31,Dec,DL,BADALPUR,3,222010,10212.46,816.9968,GIFT,BUSINESS,YES,2019,12,666030,11029.4568,33088.3704,632941.6296,Budget
KLV,BULWARD,SUPER,HAWK,RUBY BHATIA,EAST,2019-02-15,Feb,PB,LUD,2,249734,27470.74,7492.02,SPOUSE,BUSINESS,YES,2019,2,499468,34962.76,69925.52,429542.48,Budget
KLV,BULWARD,BASIC,HAWK,RUBY BHATIA,SOUTH,2019-06-16,Jun,KEA,KOCHI,2,227700,36432.0,2277.0,SINGLE,STUDENT,YES,2019,6,455400,38709.0,77418.0,377982.0,Budget
TESS,AUTOCAT,SUPER,ALTO,RUBY BHATIA,EAST,2019-01-09,Jan,DL,DWARKA,1,222010,10212.46,816.9968,SINGLE,JOB,YES,2019,1,222010,11029.4568,11029.4568,210980.54320000001,Budget
ELECTRA,AUTOCAT,SUPER,ALTO,RUBY BHATIA,WEST,2019-02-06,Feb,KTK,BIDAR,0,230000,16100.0,4600.0,SINGLE,BUSINESS,NO,2019,2,0,20700.0,0.0,0.0,Budget
TESS,AUTOCAT,SUPER,ALTO,RUBY BHATIA,EAST,2019-03-06,Mar,DL,DWARKA,1,222010,10212.46,816.9968,SINGLE,STUDENT,NO,2019,3,222010,11029.4568,11029.4568,210980.54320000001,Budget
TESS,AUTOCAT,BASIC,ALTO,RUBY BHATIA,EAST,2019-05-01,May,PB,AMR,1,249734,27470.74,7492.02,GIFT,BUSINESS,YES,2019,5,249734,34962.76,34962.76,214771.24,Budget
TESS,AUTOCAT,SUPER,ALTO,RUBY BHATIA,NORTH,2019-06-26,Jun,HR,SONIPAT,0,296080,34345.28,1717.264,GIFT,JOB,YES,2019,6,0,36062.544,0.0,0.0,Mid-Range
TESS,AUTOCAT,EXTRA CLASS,US18,RUBY BHATIA,SOUTH,2019-03-08,Mar,KTK,BGLORE,3,800000,56000.0,16000.0,FAMILY,BUSINESS,YES,2019,3,2400000,72000.0,216000.0,2184000.0,Premium
ELECTRA,MITUSHI,SUPER,PUNTO,RUBY BHATIA,WEST,2019-01-01,Jan,PB,AMR,2,446565,49122.15,13396.95,FAMILY,BUSINESS,NO,2019,1,893130,62519.100000000006,125038.20000000001,768091.8,Premium
ELECTRA,MITUSHI,BASIC,PUNTO,RUBY BHATIA,WEST,2019-07-12,Jul,KEA,KOVALAM,0,347700,55632.0,3477.0,SINGLE,JOB,YES,2019,7,0,59109.0,0.0,0.0,Mid-Range
TESS,NIKE,SUPER,PUNTO,RUBY BHATIA,WEST,2019-10-04,Oct,ASM,GUWATI,3,352133,42255.96,3380.4768,SINGLE,JOB,YES,2019,10,1056399,45636.436799999996,136909.3104,919489.6896,Mid-Range
TESS,NIKE,SUPER,MARUTI 800,RUBY BHATIA,WEST,2019-02-09,Feb,ASM,DHUBRI,0,221237,26548.44,2123.8752,FAMILY,STUDENT,YES,2019,2,0,28672.315199999997,0.0,0.0,Budget
TESS,BULWARD,BASIC,MARUTI 800,RUBY BHATIA,SOUTH,2019-04-25,Apr,HR,KAITHAL,1,348158,40386.328,2019.3164,SINGLE,JOB,YES,2019,4,348158,42405.644400000005,42405.644400000005,305752.3556,Mid-Range
TESS,BULWARD,SUPER,BEATLE,RUBY BHATIA,WEST,2019-01-13,Jan,CHD,SECTOR 1,1,341014,23870.98,6820.28,FAMILY,JOB,YES,2019,1,341014,30691.26,30691.26,310322.74,Mid-Range
TESS,BULWARD,SUPER,BEATLE,RUBY BHATIA,WEST,2019-05-05,May,PB,AMR,3,249734,27470.74,7492.02,SINGLE,BUSINESS,YES,2019,5,749202,34962.76,104888.28,644313.72,Budget
ELECTRA,BULWARD,BASIC,HAWK,RUBY BHATIA,EAST,2019-04-26,Apr,RAJ,JAIPUR,3,214020,4280.4,85.608,FAMILY,JOB,NO,2019,4,642060,4366.008,13098.024,628961.976,Budget
TESS,NIKE,BASIC,HAWK,RUBY BHATIA,NORTH,2019-09-22,Sep,PB,PATIALA,0,249734,27470.74,7492.02,SINGLE,BUSINESS,YES,2019,9,0,34962.76,0.0,0.0,Budget
TESS,NIKE,BASIC,HAWK,RUBY BHATIA,EAST,2019-11-10,Nov,PB,PATIALA,2,249734,27470.74,7492.02,SINGLE,JOB,YES,2019,11,499468,34962.76,69925.52,429542.48,Budget
TESS,AUTOCAT,BASIC,SANTRO,RUBY BHATIA,EAST,2019-01-09,Jan,DL,DWARKA,0,312010,14352.46,1148.1968,SINGLE,JOB,YES,2019,1,0,15500.656799999999,0.0,0.0,Mid-Range
TESS,AUTOCAT,EXTRA CLASS,SANTRO,RUBY BHATIA,EAST,2019-03-06,Mar,DL,DWARKA,2,312010,14352.46,1148.1968,SINGLE,STUDENT,NO,2019,3,624020,15500.656799999999,31001.313599999998,593018.6864,Mid-Range
ELECTRA,BULWARD,EXTRA CLASS,SANTRO,RUBY BHATIA,SOUTH,2019-03-20,Mar,CHD,SECTOR 29,1,421813,29526.91,8436.26,SINGLE,JOB,YES,2019,3,421813,37963.17,37963.17,383849.83,Premium
ELECTRA,BULWARD,EXTRA CLASS,SANTRO,RUBY BHATIA,NORTH,2019-10-14,Oct,ASM,DHUBRI,3,321134,38536.08,3082.8864,SPOUSE,JOB,YES,2019,10,963402,41618.966400000005,124856.89920000001,838545.1008,Mid-Range
ELECTRA,AUTOCAT,SUPER,SANTRO,RUBY BHATIA,NORTH,2019-08-25,Aug,ASM,DISPUR,3,231802,27816.24,2225.2992,FAMILY,SELF EMPLOYEED,YES,2019,8,695406,30041.539200000003,90124.61760000001,605281.3824,Budget
KLV,NIKE,SUPER,SANTRO,RUBY BHATIA,SOUTH,2019-01-23,Jan,CHD,SECTOR 4,3,421813,29526.91,8436.26,SINGLE,BUSINESS,YES,2019,1,1265439,37963.17,113889.51,1151549.49,Premium
KLV,MITUSHI,EXTRA CLASS,SANTRO,RUBY BHATIA,WEST,2019-04-03,Apr,KEA,KOCHI,1,317700,50832.0,3177.0,GIFT,BUSINESS,NO,2019,4,317700,54009.0,54009.0,263691.0,Mid-Range
KLV,AUTOCAT,BASIC,SANTRO,RUBY BHATIA,EAST,2019-06-10,Jun,HR,SONIPAT,3,337290,39125.64,1956.282,SINGLE,BUSINESS,YES,2019,6,1011870,41081.922,123245.766,888624.2339999999,Mid-Range
KLV,BULWARD,SUPER,SANTRO,RUBY BHATIA,NORTH,2019-07-22,Jul,KEA,KOVALAM,0,317700,50832.0,3177.0,FAMILY,STUDENT,YES,2019,7,0,54009.0,0.0,0.0,Mid-Range
KLV,BULWARD,SUPER,SANTRO,RUBY BHATIA,NORTH,2019-08-19,Aug,ASM,GUWATI,2,321134,38536.08,3082.8864,FAMILY,BUSINESS,YES,2019,8,642268,41618.966400000005,83237.93280000001,559030.0671999999,Mid-Range
KLV,BULWARD,EXTRA CLASS,SANTRO,RUBY BHATIA,SOUTH,2019-09-16,Sep,DL,DWARKA,3,312010,14352.46,1148.1968,SPOUSE,BUSINESS,YES,2019,9,936030,15500.656799999999,46501.9704,889528.0296,Mid-Range
KLV,NIKE,BASIC,SANTRO,RUBY BHATIA,SOUTH,2019-12-07,Dec,RAJ,AJMER,2,304020,6080.4,121.608,SPOUSE,JOB,YES,2019,12,608040,6202.008,12404.016,595635.984,Mid-Range
KLV,MITUSHI,LUXURY,SANTRO,RUBY BHATIA,WEST,2019-03-22,Mar,RAJ,AJMER,0,214020,4280.4,85.608,FAMILY,BUSINESS,YES,2019,3,0,4366.008,0.0,0.0,Budget
KLV,AUTOCAT,EXTRA CLASS,SANTRO,RUBY BHATIA,EAST,2019-06-02,Jun,RAJ,AJMER,0,214020,4280.4,85.608,SINGLE,STUDENT,YES,2019,6,0,4366.008,0.0,0.0,Budget
KLV,AUTOCAT,EXTRA CLASS,SANTRO,RUBY BHATIA,WEST,2019-07-28,Jul,CHD,SECTOR 29,0,341014,23870.98,6820.28,SINGLE,BUSINESS,YES,2019,7,0,30691.26,0.0,0.0,Mid-Range
KLV,AUTOCAT,SUPER,SANTRO,RUBY BHATIA,EAST,2019-09-22,Sep,RAJ,JODHPUR,3,214020,4280.4,85.608,SINGLE,BUSINESS,YES,2019,9,642060,4366.008,13098.024,628961.976,Budget
PRIMUS,AUTOCAT,BASIC,ALTO,VENKTA RAO,EAST,2019-02-26,Feb,KTK,AJAYPURA,17,230000,16100.0,4600.0,SINGLE,BUSINESS,YES,2019,2,3910000,20700.0,351900.0,3558100.0,Budget
PRIMUS,AUTOCAT,BASIC,ALTO,VENKTA RAO,SOUTH,2019-03-12,Mar,AP,VIZAG,3,225400,27048.0,2254.0,FAMILY,BUSINESS,YES,2019,3,676200,29302.0,87906.0,588294.0,Budget
PRIMUS,AUTOCAT,EXTRA CLASS,ALTO,VENKTA RAO,WEST,2019-03-26,Mar,PB,PATIALA,12,249734,27470.74,7492.02,FAMILY,BUSINESS,YES,2019,3,2996808,34962.76,419553.12,2577254.88,Budget
PRIMUS,AUTOCAT,EXTRA CLASS,ALTO,VENKTA RAO,SOUTH,2019-05-07,May,RAJ,JODHPUR,23,214020,4280.4,85.608,SPOUSE,BUSINESS,YES,2019,5,4922460,4366.008,100418.184,4822041.816,Budget
PRIMUS,AUTOCAT,EXTRA CLASS,ALTO,VENKTA RAO,WEST,2019-06-04,Jun,KTK,AJAYPURA,13,230000,16100.0,4600.0,SPOUSE,BUSINESS,YES,2019,6,2990000,20700.0,269100.0,2720900.0,Budget
PRIMUS,AUTOCAT,LUXURY,ALTO,VENKTA RAO,SOUTH,2019-07-16,Jul,HR,KAITHAL,13,296080,34345.28,1717.264,FAMILY,BUSINESS,NO,2019,7,3849040,36062.544,468813.07200000004,3380226.928,Mid-Range
PRIMUS,BULWARD,LUXURY,ALTO,VENKTA RAO,NORTH,2019-08-13,Aug,RAJ,JAIPUR,15,214020,4280.4,85.608,FAMILY,BUSINESS,NO,2019,8,3210300,4366.008,65490.119999999995,3144809.88,Budget
PRIMUS,NIKE,EXTRA CLASS,ALTO,VENKTA RAO,WEST,2019-09-12,Sep,PB,LUD,7,249734,27470.74,7492.02,SINGLE,BUSINESS,YES,2019,9,1748138,34962.76,244739.32,1503398.68,Budget
PRIMUS,AUTOCAT,BASIC,ALTO,VENKTA RAO,EAST,2019-10-24,Oct,HR,KAITHAL,5,296080,34345.28,1717.264,SINGLE,BUSINESS,NO,2019,10,1480400,36062.544,180312.72,1300087.28,Mid-Range
PRIMUS,AUTOCAT,SUPER,ALTO,VENKTA RAO,WEST,2019-11-21,Nov,AP,AMARVATI,2,225400,27048.0,2254.0,FAMILY,BUSINESS,NO,2019,11,450800,29302.0,58604.0,392196.0,Budget
PRIMUS,AUTOCAT,LUXURY,SANTRO,VENKTA RAO,EAST,2019-02-26,Feb,KTK,AJAYPURA,15,320000,22400.0,6400.0,SINGLE,BUSINESS,YES,2019,2,4800000,28800.0,432000.0,4368000.0,Mid-Range
PRIMUS,NIKE,LUXURY,SANTRO,VENKTA RAO,WEST,2019-03-26,Mar,PB,PATIALA,12,395352,43488.72,11860.56,FAMILY,BUSINESS,YES,2019,3,4744224,55349.28,664191.36,4080032.64,Mid-Range
PRIMUS,MITUSHI,EXTRA CLASS,SANTRO,VENKTA RAO,NORTH,2019-05-19,May,PB,AMR,1,395352,43488.72,11860.56,SINGLE,BUSINESS,YES,2019,5,395352,55349.28,55349.28,340002.72,Mid-Range
PRIMUS,MITUSHI,SUPER,SANTRO,VENKTA RAO,NORTH,2019-07-14,Jul,PB,PATIALA,14,395352,43488.72,11860.56,SINGLE,BUSINESS,NO,2019,7,5534928,55349.28,774889.9199999999,4760038.08,Mid-Range
PRIMUS,BULWARD,LUXURY,SANTRO,VENKTA RAO,WEST,2019-09-22,Sep,AP,VIZAG,8,315400,37848.0,3154.0,SINGLE,BUSINESS,YES,2019,9,2523200,41002.0,328016.0,2195184.0,Mid-Range
PRIMUS,BULWARD,LUXURY,SANTRO,VENKTA RAO,EAST,2019-10-20,Oct,CHD,SECTOR 1,0,421813,29526.91,8436.26,SINGLE,BUSINESS,YES,2019,10,0,37963.17,0.0,0.0,Premium
PRIMUS,AUTOCAT,LUXURY,SANTRO,VENKTA RAO,WEST,2019-11-27,Nov,KTK,UDUPAI,7,320000,22400.0,6400.0,FAMILY,BUSINESS,YES,2019,11,2240000,28800.0,201600.0,2038400.0,Mid-Range
PRIMUS,NIKE,EXTRA CLASS,SANTRO,VENKTA RAO,SOUTH,2019-11-29,Nov,CHD,SECTOR 4,2,421813,29526.91,8436.26,GIFT,BUSINESS,YES,2019,11,843626,37963.17,75926.34,767699.66,Premium
PRIMUS,NIKE,EXTRA CLASS,BEAT,VENKTA RAO,NORTH,2019-01-06,Jan,AP,HYDERABAD,10,345400,41448.0,3454.0,GIFT,BUSINESS,YES,2019,1,3454000,44902.0,449020.0,3004980.0,Mid-Range
PRIMUS,NIKE,LUXURY,BEAT,VENKTA RAO,NORTH,2019-01-27,Jan,KEA,KOVALAM,0,347700,55632.0,3477.0,SPOUSE,BUSINESS,NO,2019,1,0,59109.0,0.0,0.0,Mid-Range
PRIMUS,NIKE,LUXURY,BEAT,VENKTA RAO,SOUTH,2019-10-31,Oct,AP,HYDERABAD,1,345400,41448.0,3454.0,SPOUSE,BUSINESS,YES,2019,10,345400,44902.0,44902.0,300498.0,Mid-Range
PRIMUS,NIKE,BASIC,BEAT,VENKTA RAO,SOUTH,2019-11-14,Nov,HR,AMBALA,3,427389,49577.124,2478.8562,FAMILY,BUSINESS,NO,2019,11,1282167,52055.980200000005,156167.94060000003,1125999.0594,Premium
PRIMUS,NIKE,LUXURY,BEAT,VENKTA RAO,EAST,2019-11-21,Nov,KTK,UDUPAI,3,350000,24500.0,7000.0,SPOUSE,BUSINESS,YES,2019,11,1050000,31500.0,94500.0,955500.0,Mid-Range
PRIMUS,NIKE,SUPER,BEAT,VENKTA RAO,SOUTH,2019-11-28,Nov,AP,TENALI,1,345400,41448.0,3454.0,FAMILY,BUSINESS,NO,2019,11,345400,44902.0,44902.0,300498.0,Mid-Range
PRIMUS,MITUSHI,LUXURY,US18,VENKTA RAO,WEST,2019-02-03,Feb,KTK,BGLORE,12,800000,56000.0,16000.0,FAMILY,BUSINESS,YES,2019,2,9600000,72000.0,864000.0,8736000.0,Premium
PRIMUS,AUTOCAT,SUPER,US18,VENKTA RAO,SOUTH,2019-04-07,Apr,KTK,UDUPAI,12,800000,56000.0,16000.0,FAMILY,BUSINESS,YES,2019,4,9600000,72000.0,864000.0,8736000.0,Premium
PRIMUS,NIKE,BASIC,US18,VENKTA RAO,WEST,2019-05-16,May,RAJ,JAIPUR,15,784020,15680.4,313.608,FAMILY,BUSINESS,YES,2019,5,11760300,15994.008,239910.12,11520389.88,Premium
PRIMUS,NIKE,BASIC,US18,VENKTA RAO,WEST,2019-07-25,Jul,PB,PATIALA,11,810553,89160.83,24316.59,FAMILY,BUSINESS,YES,2019,7,8916083,113477.42,1248251.6199999999,7667831.38,Premium
PRIMUS,BULWARD,BASIC,US18,VENKTA RAO,SOUTH,2019-08-29,Aug,DL,DWARKA,11,792010,36432.46,2914.5968,SINGLE,BUSINESS,NO,2019,8,8712110,39347.0568,432817.6248,8279292.3752,Premium
PRIMUS,NIKE,LUXURY,US18,VENKTA RAO,WEST,2019-10-03,Oct,CHD,SECTOR 1,3,812117,56848.19,16242.34,SINGLE,BUSINESS,YES,2019,10,2436351,73090.53,219271.59,2217079.41,Premium
PRIMUS,BULWARD,EXTRA CLASS,PUNTO,VENKTA RAO,SOUTH,2019-01-19,Jan,RAJ,JAIPUR,22,334020,6680.4,133.608,FAMILY,BUSINESS,NO,2019,1,7348440,6814.008,149908.176,7198531.824,Mid-Range
PRIMUS,BULWARD,EXTRA CLASS,PUNTO,VENKTA RAO,NORTH,2019-04-13,Apr,CHD,SECTOR 1,2,425668,29796.76,8513.36,GIFT,BUSINESS,YES,2019,4,851336,38310.119999999995,76620.23999999999,774715.76,Premium
PRIMUS,BULWARD,BASIC,PUNTO,VENKTA RAO,NORTH,2019-05-07,May,RAJ,JODHPUR,22,334020,6680.4,133.608,SINGLE,BUSINESS,YES,2019,5,7348440,6814.008,149908.176,7198531.824,Mid-Range
PRIMUS,BULWARD,BASIC,PUNTO,VENKTA RAO,SOUTH,2019-07-30,Jul,PB,PATIALA,2,446565,49122.15,13396.95,SINGLE,BUSINESS,YES,2019,7,893130,62519.100000000006,125038.20000000001,768091.8,Premium
PRIMUS,MITUSHI,BASIC,PUNTO,VENKTA RAO,WEST,2019-12-03,Dec,KTK,BGLORE,8,350000,24500.0,7000.0,SINGLE,BUSINESS,YES,2019,12,2800000,31500.0,252000.0,2548000.0,Mid-Range
PRIMUS,BULWARD,BASIC,MARUTI 800,VENKTA RAO,WEST,2019-01-28,Jan,DL,CP,9,212010,9752.46,780.1968,SINGLE,BUSINESS,YES,2019,1,1908090,10532.656799999999,94793.91119999999,1813296.0888,Budget
PRIMUS,BULWARD,BASIC,MARUTI 800,VENKTA RAO,NORTH,2019-02-18,Feb,CHD,SECTOR 1,0,255519,17886.33,5110.38,GIFT,BUSINESS,YES,2019,2,0,22996.710000000003,0.0,0.0,Mid-Range
PRIMUS,NIKE,BASIC,MARUTI 800,VENKTA RAO,WEST,2019-03-11,Mar,ASM,GUWATI,3,221237,26548.44,2123.8752,SINGLE,BUSINESS,YES,2019,3,663711,28672.315199999997,86016.94559999999,577694.0544,Budget
PRIMUS,BULWARD,BASIC,BEATLE,VENKTA RAO,WEST,2019-01-01,Jan,PB,LUDHIYANA,4,249734,27470.74,7492.02,SINGLE,BUSINESS,YES,2019,1,998936,34962.76,139851.04,859084.96,Budget
PRIMUS,BULWARD,BASIC,BEATLE,VENKTA RAO,WEST,2019-02-22,Feb,CHD,SECTOR 1,0,341014,23870.98,6820.28,FAMILY,BUSINESS,YES,2019,2,0,30691.26,0.0,0.0,Mid-Range
PRIMUS,BULWARD,LUXURY,BEATLE,VENKTA RAO,WEST,2019-06-30,Jun,KEA,KOCHI,2,227700,36432.0,2277.0,SINGLE,BUSINESS,NO,2019,6,455400,38709.0,77418.0,377982.0,Budget
PRIMUS,BULWARD,BASIC,BEATLE,VENKTA RAO,SOUTH,2019-10-20,Oct,DL,DWARKA,10,222010,10212.46,816.9968,FAMILY,BUSINESS,YES,2019,10,2220100,11029.4568,110294.568,2109805.432,Budget
PRIMUS,BULWARD,BASIC,SANTRO,VENKTA RAO,EAST,2019-01-09,Jan,AP,VIZAG,22,225400,27048.0,2254.0,SPOUSE,BUSINESS,YES,2019,1,4958800,29302.0,644644.0,4314156.0,Budget
PRIMUS,MITUSHI,LUXURY,SANTRO,VENKTA RAO,EAST,2019-05-17,May,RAJ,BIKANER,13,214020,4280.4,85.608,FAMILY,BUSINESS,YES,2019,5,2782260,4366.008,56758.104,2725501.896,Budget
PRIMUS,MITUSHI,LUXURY,SANTRO,VENKTA RAO,SOUTH,2019-06-14,Jun,PB,PATIALA,12,249734,27470.74,7492.02,SINGLE,BUSINESS,YES,2019,6,2996808,34962.76,419553.12,2577254.88,Budget
PRIMUS,BULWARD,BASIC,HAWK,VENKTA RAO,EAST,2019-04-06,Apr,CHD,SECTOR 1,17,341014,23870.98,6820.28,SINGLE,BUSINESS,YES,2019,4,5797238,30691.26,521751.42,5275486.58,Mid-Range
PRIMUS,AUTOCAT,BASIC,HAWK,VENKTA RAO,NORTH,2019-08-25,Aug,ASM,TEZPUR,22,231802,27816.24,2225.2992,SPOUSE,BUSINESS,YES,2019,8,5099644,30041.539200000003,660913.8624000001,4438730.1376,Budget
PRIMUS,AUTOCAT,BASIC,ALTO,VENKTA RAO,EAST,2019-01-01,Jan,KTK,BGLORE,12,230000,16100.0,4600.0,SINGLE,JOB,YES,2019,1,2760000,20700.0,248400.0,2511600.0,Budget
PRIMUS,AUTOCAT,BASIC,ALTO,VENKTA RAO,SOUTH,2019-01-15,Jan,AP,VIZAG,11,225400,27048.0,2254.0,FAMILY,JOB,NO,2019,1,2479400,29302.0,322322.0,2157078.0,Budget
PRIMUS,AUTOCAT,BASIC,ALTO,VENKTA RAO,SOUTH,2019-02-12,Feb,HR,KAITHAL,15,296080,34345.28,1717.264,FAMILY,JOB,NO,2019,2,4441200,36062.544,540938.16,3900261.84,Mid-Range
PRIMUS,AUTOCAT,EXTRA CLASS,ALTO,VENKTA RAO,EAST,2019-04-23,Apr,KEA,KOLLAM,4,227700,36432.0,2277.0,FAMILY,JOB,YES,2019,4,910800,38709.0,154836.0,755964.0,Budget
PRIMUS,AUTOCAT,SUPER,ALTO,VENKTA RAO,WEST,2019-07-02,Jul,KEA,KOVALAM,17,227700,36432.0,2277.0,SPOUSE,JOB,YES,2019,7,3870900,38709.0,658053.0,3212847.0,Budget
PRIMUS,AUTOCAT,LUXURY,ALTO,VENKTA RAO,WEST,2019-07-30,Jul,KTK,BGLORE,6,230000,16100.0,4600.0,SPOUSE,JOB,YES,2019,7,1380000,20700.0,124200.0,1255800.0,Budget
PRIMUS,MITUSHI,LUXURY,ALTO,VENKTA RAO,WEST,2019-09-04,Sep,KEA,VARKALA,5,227700,36432.0,2277.0,FAMILY,JOB,YES,2019,9,1138500,38709.0,193545.0,944955.0,Budget
PRIMUS,AUTOCAT,EXTRA CLASS,ALTO,VENKTA RAO,EAST,2019-12-19,Dec,HR,SONIPAT,3,296080,34345.28,1717.264,FAMILY,JOB,NO,2019,12,888240,36062.544,108187.63200000001,780052.368,Mid-Range
PRIMUS,AUTOCAT,EXTRA CLASS,SANTRO,VENKTA RAO,EAST,2019-01-01,Jan,KTK,BGLORE,12,320000,22400.0,6400.0,SINGLE,JOB,YES,2019,1,3840000,28800.0,345600.0,3494400.0,Mid-Range
PRIMUS,AUTOCAT,BASIC,SANTRO,VENKTA RAO,SOUTH,2019-01-15,Jan,AP,VIZAG,13,315400,37848.0,3154.0,FAMILY,JOB,NO,2019,1,4100200,41002.0,533026.0,3567174.0,Mid-Range
PRIMUS,NIKE,LUXURY,ALTO,VENKTA RAO,SOUTH,2019-02-12,Feb,HR,KAITHAL,9,337290,39125.64,1956.282,FAMILY,JOB,NO,2019,2,3035610,41081.922,369737.298,2665872.702,Mid-Range
PRIMUS,AUTOCAT,EXTRA CLASS,SANTRO,VENKTA RAO,SOUTH,2019-04-21,Apr,RAJ,JODHPUR,2,304020,6080.4,121.608,SINGLE,JOB,YES,2019,4,608040,6202.008,12404.016,595635.984,Mid-Range
PRIMUS,AUTOCAT,SUPER,SANTRO,VENKTA RAO,WEST,2019-06-30,Jun,RAJ,JODHPUR,0,304020,6080.4,121.608,SINGLE,JOB,YES,2019,6,0,6202.008,0.0,0.0,Mid-Range
PRIMUS,BULWARD,LUXURY,SANTRO,VENKTA RAO,SOUTH,2019-09-08,Sep,KTK,BGLORE,4,320000,22400.0,6400.0,GIFT,JOB,NO,2019,9,1280000,28800.0,115200.0,1164800.0,Mid-Range
PRIMUS,BULWARD,LUXURY,SANTRO,VENKTA RAO,SOUTH,2019-10-06,Oct,DL,CP,14,312010,14352.46,1148.1968,GIFT,JOB,YES,2019,10,4368140,15500.656799999999,217009.1952,4151130.8048,Mid-Range
PRIMUS,BULWARD,LUXURY,SANTRO,VENKTA RAO,WEST,2019-11-03,Nov,ASM,GUWATI,0,321134,38536.08,3082.8864,GIFT,JOB,YES,2019,11,0,41618.966400000005,0.0,0.0,Mid-Range
PRIMUS,BULWARD,BASIC,SANTRO,VENKTA RAO,NORTH,2019-11-17,Nov,RAJ,AJMER,10,304020,6080.4,121.608,SINGLE,JOB,YES,2019,11,3040200,6202.008,62020.08,2978179.92,Mid-Range
PRIMUS,NIKE,EXTRA CLASS,BEAT,VENKTA RAO,WEST,2019-01-20,Jan,CHD,SECTOR 29,11,442377,30966.39,8847.54,FAMILY,JOB,YES,2019,1,4866147,39813.93,437953.23,4428193.77,Premium
PRIMUS,NIKE,LUXURY,BEAT,VENKTA RAO,WEST,2019-02-03,Feb,HR,KAITHAL,11,427389,49577.124,2478.8562,FAMILY,JOB,YES,2019,2,4701279,52055.980200000005,572615.7822,4128663.2177999998,Premium
PRIMUS,NIKE,LUXURY,BEAT,VENKTA RAO,WEST,2019-02-17,Feb,RAJ,BIKANER,3,334020,6680.4,133.608,SPOUSE,JOB,YES,2019,2,1002060,6814.008,20442.023999999998,981617.976,Mid-Range
PRIMUS,NIKE,LUXURY,BEAT,VENKTA RAO,EAST,2019-02-24,Feb,KTK,BIDAR,1,350000,24500.0,7000.0,FAMILY,JOB,YES,2019,2,350000,31500.0,31500.0,318500.0,Mid-Range
PRIMUS,MITUSHI,LUXURY,US18,VENKTA RAO,SOUTH,2019-01-13,Jan,CHD,SECTOR 29,1,812117,56848.19,16242.34,GIFT,JOB,YES,2019,1,812117,73090.53,73090.53,739026.47,Premium
PRIMUS,MITUSHI,LUXURY,US18,VENKTA RAO,NORTH,2019-02-24,Feb,AP,TENALI,11,795400,95448.0,7954.0,FAMILY,JOB,YES,2019,2,8749400,103402.0,1137422.0,7611978.0,Premium
PRIMUS,BULWARD,BASIC,US18,VENKTA RAO,SOUTH,2019-04-25,Apr,KEA,KOCHI,9,797700,127632.0,7977.0,FAMILY,JOB,YES,2019,4,7179300,135609.0,1220481.0,5958819.0,Premium
PRIMUS,BULWARD,BASIC,US18,VENKTA RAO,NORTH,2019-06-20,Jun,PB,PATIALA,1,810553,89160.83,24316.59,FAMILY,JOB,NO,2019,6,810553,113477.42,113477.42,697075.58,Premium
PRIMUS,NIKE,LUXURY,US18,VENKTA RAO,WEST,2019-12-12,Dec,AP,HYDERABAD,54,795400,95448.0,7954.0,SINGLE,JOB,YES,2019,12,42951600,103402.0,5583708.0,37367892.0,Premium
PRIMUS,MITUSHI,SUPER,PUNTO,VENKTA RAO,WEST,2019-09-10,Sep,DL,CP,2,342010,15732.46,1258.5968,SINGLE,JOB,NO,2019,9,684020,16991.0568,33982.1136,650037.8864,Mid-Range
PRIMUS,AUTOCAT,BASIC,PUNTO,VENKTA RAO,NORTH,2019-10-22,Oct,CHD,SECTOR 4,0,425668,29796.76,8513.36,FAMILY,JOB,YES,2019,10,0,38310.119999999995,0.0,0.0,Premium
PRIMUS,NIKE,BASIC,MARUTI 800,VENKTA RAO,SOUTH,2019-01-07,Jan,AP,VIZAG,14,215400,25848.0,2154.0,FAMILY,JOB,YES,2019,1,3015600,28002.0,392028.0,2623572.0,Budget
PRIMUS,BULWARD,BASIC,MARUTI 800,VENKTA RAO,WEST,2019-12-04,Dec,PB,LUD,44,316877,34856.47,9506.31,SINGLE,JOB,YES,2019,12,13942588,44362.78,1951962.3199999998,11990625.68,Mid-Range
PRIMUS,BULWARD,BASIC,BEATLE,VENKTA RAO,SOUTH,2019-03-22,Mar,KTK,UDUPAI,4,230000,16100.0,4600.0,SINGLE,JOB,YES,2019,3,920000,20700.0,82800.0,837200.0,Budget
PRIMUS,BULWARD,BASIC,BEATLE,VENKTA RAO,WEST,2019-04-19,Apr,AP,AMARVATI,7,225400,27048.0,2254.0,FAMILY,JOB,YES,2019,4,1577800,29302.0,205114.0,1372686.0,Budget
PRIMUS,BULWARD,LUXURY,BEATLE,VENKTA RAO,WEST,2019-06-14,Jun,PB,PATIALA,2,249734,27470.74,7492.02,FAMILY,JOB,NO,2019,6,499468,34962.76,69925.52,429542.48,Budget
PRIMUS,BULWARD,LUXURY,SANTRO,VENKTA RAO,SOUTH,2019-04-03,Apr,PB,PATIALA,14,249734,27470.74,7492.02,GIFT,JOB,YES,2019,4,3496276,34962.76,489478.64,3006797.36,Budget
PRIMUS,MITUSHI,BASIC,SANTRO,VENKTA RAO,EAST,2019-09-06,Sep,CHD,SECTOR 29,12,341014,23870.98,6820.28,GIFT,JOB,YES,2019,9,4092168,30691.26,368295.12,3723872.88,Mid-Range
PRIMUS,AUTOCAT,EXTRA CLASS,ALTO,VENKTA RAO,SOUTH,2019-04-09,Apr,PB,LUD,1,249734,27470.74,7492.02,SPOUSE,STUDENT,YES,2019,4,249734,34962.76,34962.76,214771.24,Budget
PRIMUS,AUTOCAT,SUPER,ALTO,VENKTA RAO,NORTH,2019-06-18,Jun,AP,HYDERABAD,15,225400,27048.0,2254.0,FAMILY,STUDENT,NO,2019,6,3381000,29302.0,439530.0,2941470.0,Budget
PRIMUS,AUTOCAT,BASIC,ALTO,VENKTA RAO,SOUTH,2019-09-26,Sep,PB,AMR,7,249734,27470.74,7492.02,SINGLE,STUDENT,YES,2019,9,1748138,34962.76,244739.32,1503398.68,Budget
PRIMUS,NIKE,SUPER,SANTRO,VENKTA RAO,EAST,2019-08-25,Aug,CHD,SECTOR 4,8,421813,29526.91,8436.26,SINGLE,STUDENT,YES,2019,8,3374504,37963.17,303705.36,3070798.64,Premium
PRIMUS,BULWARD,LUXURY,US18,VENKTA RAO,NORTH,2019-11-07,Nov,KTK,AJAYPURA,22,800000,56000.0,16000.0,FAMILY,STUDENT,NO,2019,11,17600000,72000.0,1584000.0,16016000.0,Premium
PRIMUS,NIKE,EXTRA CLASS,MARUTI 800,VENKTA RAO,NORTH,2019-04-01,Apr,RAJ,AJMER,3,204020,4080.4,81.608,GIFT,STUDENT,YES,2019,4,612060,4162.008,12486.024,599573.976,Budget
PRIMUS,BULWARD,BASIC,MARUTI 800,VENKTA RAO,SOUTH,2019-05-25,May,RAJ,JODHPUR,13,204020,4080.4,81.608,SINGLE,STUDENT,NO,2019,5,2652260,4162.008,54106.104,2598153.896,Budget
PRIMUS,BULWARD,LUXURY,BEATLE,VENKTA RAO,SOUTH,2019-07-28,Jul,RAJ,BIKANER,21,214020,4280.4,85.608,GIFT,STUDENT,NO,2019,7,4494420,4366.008,91686.16799999999,4402733.832,Budget
PRIMUS,BULWARD,BASIC,BEATLE,VENKTA RAO,WEST,2019-11-17,Nov,CHD,SECTOR 5,11,341014,23870.98,6820.28,SPOUSE,STUDENT,YES,2019,11,3751154,30691.26,337603.86,3413550.14,Mid-Range
PRIMUS,AUTOCAT,BASIC,HAWK,VENKTA RAO,EAST,2019-10-13,Oct,RAJ,BIKANER,21,214020,4280.4,85.608,FAMILY,STUDENT,NO,2019,10,4494420,4366.008,91686.16799999999,4402733.832,Budget
PRIMUS,AUTOCAT,EXTRA CLASS,ALTO,VENKTA RAO,WEST,2019-05-21,May,HR,SONIPAT,11,296080,34345.28,1717.264,FAMILY,SELF EMPLOYEED,NO,2019,5,3256880,36062.544,396687.984,2860192.016,Mid-Range
PRIMUS,AUTOCAT,BASIC,ALTO,VENKTA RAO,SOUTH,2019-11-07,Nov,KTK,BIDAR,23,230000,16100.0,4600.0,SINGLE,SELF EMPLOYEED,YES,2019,11,5290000,20700.0,476100.0,4813900.0,Budget
PRIMUS,NIKE,EXTRA CLASS,PUNTO,VENKTA RAO,WEST,2019-03-02,Mar,PB,AMR,2,446565,49122.15,13396.95,SINGLE,SELF EMPLOYEED,YES,2019,3,893130,62519.100000000006,125038.20000000001,768091.8,Premium
PRIMUS,BULWARD,BASIC,MARUTI 800,VENKTA RAO,SOUTH,2019-04-13,Apr,PB,PATIALA,9,316877,34856.47,9506.31,SPOUSE,SELF EMPLOYEED,NO,2019,4,2851893,44362.78,399265.02,2452627.98,Mid-Range
PRIMUS,BULWARD,LUXURY,BEATLE,VENKTA RAO,EAST,2019-09-22,Sep,RAJ,BIKANER,22,214020,4280.4,85.608,GIFT,SELF EMPLOYEED,YES,2019,9,4708440,4366.008,96052.17599999999,4612387.824,Budget
PRIMUS,MITUSHI,BASIC,HAWK,VENKTA RAO,WEST,2019-01-26,Jan,AP,TENALI,15,345400,41448.0,3454.0,SINGLE,SELF EMPLOYEED,YES,2019,1,5181000,44902.0,673530.0,4507470.0,Mid-Range
KLV,AUTOCAT,BASIC,ALTO,VENKTA RAO,WEST,2019-01-29,Jan,DL,CP,13,222010,10212.46,816.9968,SINGLE,BUSINESS,YES,2019,1,2886130,11029.4568,143382.93839999998,2742747.0616,Budget
KLV,NIKE,SUPER,ALTO,VENKTA RAO,EAST,2019-07-28,Jul,PB,PATIALA,4,395352,43488.72,11860.56,SINGLE,SELF EMPLOYEED,YES,2019,7,1581408,55349.28,221397.12,1360010.88,Mid-Range
KLV,NIKE,EXTRA CLASS,BEAT,VENKTA RAO,EAST,2019-01-13,Jan,DL,BADALPUR,4,342010,15732.46,1258.5968,SPOUSE,STUDENT,NO,2019,1,1368040,16991.0568,67964.2272,1300075.7728,Mid-Range
KLV,NIKE,LUXURY,BEAT,VENKTA RAO,SOUTH,2019-02-10,Feb,PB,PATIALA,1,422047,46425.17,12661.41,FAMILY,BUSINESS,YES,2019,2,422047,59086.58,59086.58,362960.42,Premium
KLV,NIKE,BASIC,BEAT,VENKTA RAO,WEST,2019-11-07,Nov,DL,DWARKA,3,342010,15732.46,1258.5968,FAMILY,JOB,YES,2019,11,1026030,16991.0568,50973.170399999995,975056.8296,Mid-Range
KLV,NIKE,BASIC,BEAT,VENKTA RAO,WEST,2019-12-05,Dec,PB,LUD,5,422047,46425.17,12661.41,SPOUSE,STUDENT,YES,2019,12,2110235,59086.58,295432.9,1814802.1,Premium
KLV,MITUSHI,BASIC,PUNTO,VENKTA RAO,WEST,2019-06-18,Jun,PB,PATIALA,2,446565,49122.15,13396.95,GIFT,JOB,NO,2019,6,893130,62519.100000000006,125038.20000000001,768091.8,Premium
KLV,BULWARD,BASIC,HAWK,VENKTA RAO,WEST,2019-03-02,Mar,DL,CP,21,222010,10212.46,816.9968,SINGLE,JOB,YES,2019,3,4662210,11029.4568,231618.59279999998,4430591.4072,Budget
KLV,BULWARD,BASIC,HAWK,VENKTA RAO,WEST,2019-07-07,Jul,CHD,SECTOR 5,20,341014,23870.98,6820.28,FAMILY,SELF EMPLOYEED,NO,2019,7,6820280,30691.26,613825.2,6206454.8,Mid-Range
TESS,BULWARD,LUXURY,ALTO,VENKTA RAO,NORTH,2019-08-21,Aug,PB,PATIALA,3,249734,27470.74,7492.02,SINGLE,BUSINESS,YES,2019,8,749202,34962.76,104888.28,644313.72,Budget
TESS,AUTOCAT,BASIC,ALTO,VENKTA RAO,WEST,2019-10-10,Oct,KEA,VARKALA,15,227700,36432.0,2277.0,SINGLE,JOB,YES,2019,10,3415500,38709.0,580635.0,2834865.0,Budget
TESS,AUTOCAT,SUPER,ALTO,VENKTA RAO,SOUTH,2019-12-05,Dec,DL,CP,15,222010,10212.46,816.9968,SPOUSE,STUDENT,YES,2019,12,3330150,11029.4568,165441.852,3164708.148,Budget
TESS,MITUSHI,LUXURY,US18,VENKTA RAO,WEST,2019-03-17,Mar,HR,PANIPAT,11,858644,99602.704,4980.1352,FAMILY,BUSINESS,YES,2019,3,9445084,104582.8392,1150411.2312,8294672.7688,Premium
TESS,BULWARD,BASIC,MARUTI 800,VENKTA RAO,WEST,2019-05-04,May,KEA,KOLLAM,12,217700,34832.0,2177.0,FAMILY,BUSINESS,YES,2019,5,2612400,37009.0,444108.0,2168292.0,Budget
TESS,BULWARD,BASIC,BEATLE,VENKTA RAO,NORTH,2019-01-25,Jan,DL,DWARKA,34,222010,10212.46,816.9968,SINGLE,JOB,YES,2019,1,7548340,11029.4568,375001.53119999997,7173338.4688,Budget
TESS,BULWARD,BASIC,BEATLE,VENKTA RAO,NORTH,2019-05-17,May,RAJ,AJMER,2,214020,4280.4,85.608,SINGLE,BUSINESS,NO,2019,5,428040,4366.008,8732.016,419307.984,Budget
TESS,BULWARD,LUXURY,BEATLE,VENKTA RAO,WEST,2019-08-25,Aug,PB,AMR,22,249734,27470.74,7492.02,SINGLE,JOB,NO,2019,8,5494148,34962.76,769180.7200000001,4724967.28,Budget
TESS,BULWARD,BASIC,BEATLE,VENKTA RAO,SOUTH,2019-12-15,Dec,KTK,AJAYPURA,21,230000,16100.0,4600.0,FAMILY,JOB,YES,2019,12,4830000,20700.0,434700.0,4395300.0,Budget
ELECTRA,BULWARD,EXTRA CLASS,HAWK,VENKTA RAO,SOUTH,2019-05-09,May,ASM,GUWATI,18,231802,27816.24,2225.2992,FAMILY,BUSINESS,NO,2019,5,4172436,30041.539200000003,540747.7056000001,3631688.2944,Budget
TESS,NIKE,BASIC,HAWK,VENKTA RAO,SOUTH,2019-05-19,May,PB,LUD,20,249734,27470.74,7492.02,SPOUSE,BUSINESS,YES,2019,5,4994680,34962.76,699255.2000000001,4295424.8,Budget
TESS,NIKE,BASIC,HAWK,VENKTA RAO,SOUTH,2019-12-01,Dec,KTK,AJAYPURA,13,230000,16100.0,4600.0,SINGLE,JOB,YES,2019,12,2990000,20700.0,269100.0,2720900.0,Budget
TESS,NIKE,EXTRA CLASS,SANTRO,VENKTA RAO,WEST,2019-05-05,May,DL,CP,0,312010,14352.46,1148.1968,SINGLE,BUSINESS,YES,2019,5,0,15500.656799999999,0.0,0.0,Mid-Range
ELECTRA,BULWARD,BASIC,SANTRO,VENKTA RAO,SOUTH,2019-02-06,Feb,DL,DWARKA,11,222010,10212.46,816.9968,FAMILY,JOB,YES,2019,2,2442110,11029.4568,121324.0248,2320785.9752,Budget
KLV,AUTOCAT,LUXURY,SANTRO,VENKTA RAO,WEST,2019-01-29,Jan,DL,CP,8,312010,14352.46,1148.1968,SINGLE,BUSINESS,YES,2019,1,2496080,15500.656799999999,124005.25439999999,2372074.7456,Mid-Range
KLV,BULWARD,LUXURY,SANTRO,VENKTA RAO,SOUTH,2019-03-12,Mar,AP,VIZAG,3,315400,37848.0,3154.0,FAMILY,BUSINESS,YES,2019,3,946200,41002.0,123006.0,823194.0,Mid-Range
KLV,BULWARD,BASIC,SANTRO,VENKTA RAO,NORTH,2019-04-09,Apr,PB,LUD,1,395352,43488.72,11860.56,SPOUSE,STUDENT,YES,2019,4,395352,55349.28,55349.28,340002.72,Mid-Range
KLV,AUTOCAT,EXTRA CLASS,SANTRO,VENKTA RAO,EAST,2019-06-02,Jun,PB,AMR,13,395352,43488.72,11860.56,SINGLE,BUSINESS,YES,2019,6,5139576,55349.28,719540.64,4420035.36,Mid-Range
KLV,MITUSHI,EXTRA CLASS,SANTRO,VENKTA RAO,SOUTH,2019-06-16,Jun,KEA,KOLLAM,1,317700,50832.0,3177.0,SINGLE,STUDENT,NO,2019,6,317700,54009.0,54009.0,263691.0,Mid-Range
KLV,BULWARD,SUPER,SANTRO,VENKTA RAO,SOUTH,2019-08-11,Aug,DL,CP,9,312010,14352.46,1148.1968,SINGLE,BUSINESS,NO,2019,8,2808090,15500.656799999999,139505.9112,2668584.0888,Mid-Range
KLV,NIKE,EXTRA CLASS,SANTRO,VENKTA RAO,WEST,2019-12-13,Dec,KTK,UDUPAI,2,320000,22400.0,6400.0,SINGLE,JOB,YES,2019,12,640000,28800.0,57600.0,582400.0,Mid-Range
KLV,BULWARD,BASIC,SANTRO,VENKTA RAO,WEST,2019-03-06,Mar,RAJ,AJMER,16,214020,4280.4,85.608,SINGLE,BUSINESS,NO,2019,3,3424320,4366.008,69856.128,3354463.872,Budget
KLV,MITUSHI,LUXURY,SANTRO,VENKTA RAO,SOUTH,2019-04-19,Apr,KEA,KOCHI,16,227700,36432.0,2277.0,SINGLE,JOB,YES,2019,4,3643200,38709.0,619344.0,3023856.0,Budget
KLV,MITUSHI,LUXURY,SANTRO,VENKTA RAO,WEST,2019-07-12,Jul,RAJ,JODHPUR,14,214020,4280.4,85.608,GIFT,BUSINESS,YES,2019,7,2996280,4366.008,61124.111999999994,2935155.888,Budget
KLV,MITUSHI,BASIC,SANTRO,VENKTA RAO,SOUTH,2019-08-09,Aug,DL,DWARKA,20,222010,10212.46,816.9968,SINGLE,STUDENT,NO,2019,8,4440200,11029.4568,220589.136,4219610.864,Budget
KLV,MITUSHI,BASIC,SANTRO,VENKTA RAO,SOUTH,2019-10-04,Oct,KTK,BGLORE,16,230000,16100.0,4600.0,SINGLE,BUSINESS,NO,2019,10,3680000,20700.0,331200.0,3348800.0,Budget
